"file","git_status","classification","referenced_by_site","contains_possible_secret","recommended_git_action","reason","manual_review_required"
".env.example","untracked","E - security-sensitive runtime/config candidate","not-applicable","no","commit-after-secret-review","May reference runtime configuration; scanned with no embedded secret found","yes"
".gitignore","modified","A - formal website source","not-applicable","no","commit-with-site-baseline","Website page, asset, configuration, search data, download, or runtime source","no"
".htaccess","modified","E - security-sensitive runtime/config candidate","yes","no","commit-after-secret-review","May reference runtime configuration; scanned with no embedded secret found","yes"
"404.html","modified","A - formal website source","yes","no","commit-with-site-baseline","Website page, asset, configuration, search data, download, or runtime source","no"
"about.html","modified","A - formal website source","yes","no","commit-with-site-baseline","Website page, asset, configuration, search data, download, or runtime source","no"
"application-automation-rotary-tables.html","modified","A - formal website source","yes","no","commit-with-site-baseline","Website page, asset, configuration, search data, download, or runtime source","no"
"application-bottle-filling-capping.html","modified","A - formal website source","yes","no","commit-with-site-baseline","Website page, asset, configuration, search data, download, or runtime source","no"
"application-cnc-pneumatic-clamping.html","modified","A - formal website source","yes","no","commit-with-site-baseline","Website page, asset, configuration, search data, download, or runtime source","no"
"application-electronics-battery-test-fixtures.html","untracked","A - formal website source","yes","no","commit-with-site-baseline","Website page, asset, configuration, search data, download, or runtime source","no"
"application-laser-tube-cutting.html","modified","A - formal website source","yes","no","commit-with-site-baseline","Website page, asset, configuration, search data, download, or runtime source","no"
"application-packaging-machinery.html","modified","A - formal website source","yes","no","commit-with-site-baseline","Website page, asset, configuration, search data, download, or runtime source","no"
"application-pneumatic-tools-hose-anti-twist.html","untracked","A - formal website source","yes","no","commit-with-site-baseline","Website page, asset, configuration, search data, download, or runtime source","no"
"application-robot-end-of-arm-tooling.html","untracked","A - formal website source","yes","no","commit-with-site-baseline","Website page, asset, configuration, search data, download, or runtime source","no"
"applications.html","modified","A - formal website source","yes","no","commit-with-site-baseline","Website page, asset, configuration, search data, download, or runtime source","no"
"application-steel-dusty-environments.html","modified","A - formal website source","yes","no","commit-with-site-baseline","Website page, asset, configuration, search data, download, or runtime source","no"
"application-textile-printing-converting.html","untracked","A - formal website source","yes","no","commit-with-site-baseline","Website page, asset, configuration, search data, download, or runtime source","no"
"application-vacuum-packaging-machines.html","untracked","A - formal website source","yes","no","commit-with-site-baseline","Website page, asset, configuration, search data, download, or runtime source","no"
"application-welding-positioners.html","untracked","A - formal website source","yes","no","commit-with-site-baseline","Website page, asset, configuration, search data, download, or runtime source","no"
"audit/geo-audit/__pycache__/audit_geo.cpython-313.pyc","ignored-or-untracked","C - audit report","not-applicable","no","commit-in-separate-audit-commit","Audit artifact, separated from website runtime baseline","no"
"audit/geo-audit/audit_geo.py","untracked","C - audit report","not-applicable","no","commit-in-separate-audit-commit","Audit artifact, separated from website runtime baseline","no"
"audit/geo-audit/audit-summary.json","untracked","C - audit report","not-applicable","no","commit-in-separate-audit-commit","Audit artifact, separated from website runtime baseline","no"
"audit/geo-audit/claims-needing-evidence.csv","untracked","C - audit report","not-applicable","no","commit-in-separate-audit-commit","Audit artifact, separated from website runtime baseline","no"
"audit/geo-audit/duplicate-content-groups.csv","untracked","C - audit report","not-applicable","no","commit-in-separate-audit-commit","Audit artifact, separated from website runtime baseline","no"
"audit/geo-audit/geo-page-by-page-audit.md","untracked","C - audit report","not-applicable","no","commit-in-separate-audit-commit","Audit artifact, separated from website runtime baseline","no"
"audit/geo-audit/geo-priority-roadmap.md","untracked","C - audit report","not-applicable","no","commit-in-separate-audit-commit","Audit artifact, separated from website runtime baseline","no"
"audit/geo-audit/geo-sitewide-audit.md","untracked","C - audit report","not-applicable","no","commit-in-separate-audit-commit","Audit artifact, separated from website runtime baseline","no"
"audit/geo-audit/missing-content-opportunities.md","untracked","C - audit report","not-applicable","no","commit-in-separate-audit-commit","Audit artifact, separated from website runtime baseline","no"
"audit/geo-audit/site-inventory.csv","untracked","C - audit report","not-applicable","no","commit-in-separate-audit-commit","Audit artifact, separated from website runtime baseline","no"
"audit/workspace-baseline/secret-scan-report.md","untracked","C - audit report","not-applicable","no","commit-in-separate-audit-commit","Audit artifact, separated from website runtime baseline","no"
"audit_extracts/about.txt","ignored-or-untracked","D - temporary or generated","not-applicable","no","exclude-from-commit","Backup, extraction, cache, or generated working artifact","yes"
"audit_extracts/application-laser-tube-cutting.txt","ignored-or-untracked","D - temporary or generated","not-applicable","no","exclude-from-commit","Backup, extraction, cache, or generated working artifact","yes"
"audit_extracts/blog-rotary-joint-selection.txt","ignored-or-untracked","D - temporary or generated","not-applicable","no","exclude-from-commit","Backup, extraction, cache, or generated working artifact","yes"
"audit_extracts/BP-1P-0003.txt","ignored-or-untracked","D - temporary or generated","not-applicable","no","exclude-from-commit","Backup, extraction, cache, or generated working artifact","yes"
"audit_extracts/faq.txt","ignored-or-untracked","D - temporary or generated","not-applicable","no","exclude-from-commit","Backup, extraction, cache, or generated working artifact","yes"
"audit_extracts/index.txt","ignored-or-untracked","D - temporary or generated","not-applicable","no","exclude-from-commit","Backup, extraction, cache, or generated working artifact","yes"
"blog.html","modified","A - formal website source","yes","no","commit-with-site-baseline","Website page, asset, configuration, search data, download, or runtime source","no"
"blog-rotary-joint-installation-mistakes.html","untracked","A - formal website source","yes","no","commit-with-site-baseline","Website page, asset, configuration, search data, download, or runtime source","no"
"blog-rotary-joint-leaking.html","modified","A - formal website source","yes","no","commit-with-site-baseline","Website page, asset, configuration, search data, download, or runtime source","no"
"blog-rotary-joint-materials.html","modified","A - formal website source","yes","no","commit-with-site-baseline","Website page, asset, configuration, search data, download, or runtime source","no"
"blog-rotary-joint-selection.html","modified","A - formal website source","yes","no","commit-with-site-baseline","Website page, asset, configuration, search data, download, or runtime source","no"
"blog-rotary-union-seal-types.html","untracked","A - formal website source","yes","no","commit-with-site-baseline","Website page, asset, configuration, search data, download, or runtime source","no"
"blog-seal-replacement.html","modified","A - formal website source","yes","no","commit-with-site-baseline","Website page, asset, configuration, search data, download, or runtime source","no"
"blog-threaded-vs-flange.html","modified","A - formal website source","yes","no","commit-with-site-baseline","Website page, asset, configuration, search data, download, or runtime source","no"
"BP-1P-0003.html","modified","A - formal website source","yes","no","commit-with-site-baseline","Website page, asset, configuration, search data, download, or runtime source","no"
"BP-1P-0006.html","modified","A - formal website source","yes","no","commit-with-site-baseline","Website page, asset, configuration, search data, download, or runtime source","no"
"BP-2P-0001.html","modified","A - formal website source","yes","no","commit-with-site-baseline","Website page, asset, configuration, search data, download, or runtime source","no"
"BP-2P-0002.html","modified","A - formal website source","yes","no","commit-with-site-baseline","Website page, asset, configuration, search data, download, or runtime source","no"
"BP-2P-08-0001.html","modified","A - formal website source","yes","no","commit-with-site-baseline","Website page, asset, configuration, search data, download, or runtime source","no"
"BP-2P-130-0001.html","modified","A - formal website source","yes","no","commit-with-site-baseline","Website page, asset, configuration, search data, download, or runtime source","no"
"BP-2P-16-0001.html","modified","A - formal website source","yes","no","commit-with-site-baseline","Website page, asset, configuration, search data, download, or runtime source","no"
"BP-2P-30-0001.html","modified","A - formal website source","yes","no","commit-with-site-baseline","Website page, asset, configuration, search data, download, or runtime source","no"
"BP-2P-50-0001.html","modified","A - formal website source","yes","no","commit-with-site-baseline","Website page, asset, configuration, search data, download, or runtime source","no"
"BP-2P-95-0001.html","modified","A - formal website source","yes","no","commit-with-site-baseline","Website page, asset, configuration, search data, download, or runtime source","no"
"BP-3P-0004.html","modified","A - formal website source","yes","no","commit-with-site-baseline","Website page, asset, configuration, search data, download, or runtime source","no"
"BP-3P-0006.html","modified","A - formal website source","yes","no","commit-with-site-baseline","Website page, asset, configuration, search data, download, or runtime source","no"
"BP-3P-0007.html","modified","A - formal website source","yes","no","commit-with-site-baseline","Website page, asset, configuration, search data, download, or runtime source","no"
"BP-3P-S06-0001.html","modified","A - formal website source","yes","no","commit-with-site-baseline","Website page, asset, configuration, search data, download, or runtime source","no"
"BP-4P-30-0001.html","modified","A - formal website source","yes","no","commit-with-site-baseline","Website page, asset, configuration, search data, download, or runtime source","no"
"BP-8P-0001.html","modified","A - formal website source","yes","no","commit-with-site-baseline","Website page, asset, configuration, search data, download, or runtime source","no"
"case-studies.html","modified","A - formal website source","yes","no","commit-with-site-baseline","Website page, asset, configuration, search data, download, or runtime source","no"
"contact.html","modified","A - formal website source","yes","no","commit-with-site-baseline","Website page, asset, configuration, search data, download, or runtime source","no"
"CORE-EEAT-Audit-Report.md","ignored-or-untracked","D - temporary or generated","not-applicable","no","exclude-from-commit","Backup, extraction, cache, or generated working artifact","yes"
"css/style.css","modified","A - formal website source","yes","no","commit-with-site-baseline","Website page, asset, configuration, search data, download, or runtime source","no"
"css/style.css.backup","ignored-or-untracked","D - temporary or generated","not-found-by-static-text-scan","no","exclude-from-commit","Backup, extraction, cache, or generated working artifact","yes"
"css/style.css.bak","ignored-or-untracked","D - temporary or generated","not-found-by-static-text-scan","no","exclude-from-commit","Backup, extraction, cache, or generated working artifact","yes"
"downloads/Begapunk_A4_Horizontal_R2000.dxf","tracked-clean","A - formal website source","not-found-by-static-text-scan","no","commit-with-site-baseline","Website page, asset, configuration, search data, download, or runtime source","no"
"downloads/Begapunk_A4_Horizontal_Template.dxf","tracked-clean","A - formal website source","yes","no","commit-with-site-baseline","Website page, asset, configuration, search data, download, or runtime source","no"
"downloads/Begapunk_Rotary_Joint_Installation_Manual.pdf","tracked-clean","A - formal website source","yes","no","commit-with-site-baseline","Website page, asset, configuration, search data, download, or runtime source","no"
"downloads/BP-1P-0003.pdf","tracked-clean","A - formal website source","yes","no","commit-with-site-baseline","Website page, asset, configuration, search data, download, or runtime source","no"
"downloads/BP-1P-0003_参数表.xlsx","ignored-or-untracked","A - formal website source","not-found-by-static-text-scan","no","commit-with-site-baseline","Website page, asset, configuration, search data, download, or runtime source","no"
"downloads/BP-1P-0006.pdf","tracked-clean","A - formal website source","yes","no","commit-with-site-baseline","Website page, asset, configuration, search data, download, or runtime source","no"
"downloads/BP-200-0001.pdf","tracked-clean","A - formal website source","yes","no","commit-with-site-baseline","Website page, asset, configuration, search data, download, or runtime source","no"
"downloads/BP-200-0001-view.pdf","tracked-clean","A - formal website source","not-found-by-static-text-scan","no","commit-with-site-baseline","Website page, asset, configuration, search data, download, or runtime source","no"
"downloads/BP-2P-0001.pdf","tracked-clean","A - formal website source","yes","no","commit-with-site-baseline","Website page, asset, configuration, search data, download, or runtime source","no"
"downloads/BP-2P-0001_draft.pdf","tracked-clean","A - formal website source","not-found-by-static-text-scan","no","commit-with-site-baseline","Website page, asset, configuration, search data, download, or runtime source","no"
"downloads/BP-2P-0002.pdf","tracked-clean","A - formal website source","yes","no","commit-with-site-baseline","Website page, asset, configuration, search data, download, or runtime source","no"
"downloads/BP-2P-08-0001.pdf","tracked-clean","A - formal website source","yes","no","commit-with-site-baseline","Website page, asset, configuration, search data, download, or runtime source","no"
"downloads/BP-2P-130-0001.pdf","tracked-clean","A - formal website source","yes","no","commit-with-site-baseline","Website page, asset, configuration, search data, download, or runtime source","no"
"downloads/BP-2P-16-0001.pdf","tracked-clean","A - formal website source","yes","no","commit-with-site-baseline","Website page, asset, configuration, search data, download, or runtime source","no"
"downloads/BP-2P-30-0001.pdf","tracked-clean","A - formal website source","yes","no","commit-with-site-baseline","Website page, asset, configuration, search data, download, or runtime source","no"
"downloads/BP-2P-50-0001.pdf","tracked-clean","A - formal website source","yes","no","commit-with-site-baseline","Website page, asset, configuration, search data, download, or runtime source","no"
"downloads/BP-2P-95-0001.pdf","tracked-clean","A - formal website source","yes","no","commit-with-site-baseline","Website page, asset, configuration, search data, download, or runtime source","no"
"downloads/BP-3P-0004.pdf","tracked-clean","A - formal website source","yes","no","commit-with-site-baseline","Website page, asset, configuration, search data, download, or runtime source","no"
"downloads/BP-3P-0006.pdf","tracked-clean","A - formal website source","yes","no","commit-with-site-baseline","Website page, asset, configuration, search data, download, or runtime source","no"
"downloads/BP-3P-0007.pdf","tracked-clean","A - formal website source","yes","no","commit-with-site-baseline","Website page, asset, configuration, search data, download, or runtime source","no"
"downloads/BP-3P-S06-0001.pdf","tracked-clean","A - formal website source","yes","no","commit-with-site-baseline","Website page, asset, configuration, search data, download, or runtime source","no"
"downloads/BP-4P-30-0001.pdf","tracked-clean","A - formal website source","yes","no","commit-with-site-baseline","Website page, asset, configuration, search data, download, or runtime source","no"
"downloads/BP-8P-0001.pdf","tracked-clean","A - formal website source","yes","no","commit-with-site-baseline","Website page, asset, configuration, search data, download, or runtime source","no"
"downloads/SJ10-06.pdf","tracked-clean","A - formal website source","not-found-by-static-text-scan","no","commit-with-site-baseline","Website page, asset, configuration, search data, download, or runtime source","no"
"downloads/SOLIDWORKS_Template_Guide.md","tracked-clean","A - formal website source","yes","no","commit-with-site-baseline","Website page, asset, configuration, search data, download, or runtime source","no"
"downloads/SOLIDWORKS_Template_Manual.md","tracked-clean","A - formal website source","not-found-by-static-text-scan","no","commit-with-site-baseline","Website page, asset, configuration, search data, download, or runtime source","no"
"faq.html","modified","A - formal website source","yes","no","commit-with-site-baseline","Website page, asset, configuration, search data, download, or runtime source","no"
"images/12-IN-3-OUT.png","tracked-clean","A - formal website source","not-found-by-static-text-scan","no","commit-with-site-baseline","Website page, asset, configuration, search data, download, or runtime source","no"
"images/12-IN-3-OUT.webp","untracked","A - formal website source","not-found-by-static-text-scan","no","commit-with-site-baseline","Website page, asset, configuration, search data, download, or runtime source","no"
"images/12-IN-3-OUT-1.png","tracked-clean","A - formal website source","not-found-by-static-text-scan","no","commit-with-site-baseline","Website page, asset, configuration, search data, download, or runtime source","no"
"images/12-IN-3-OUT-1.webp","untracked","A - formal website source","not-found-by-static-text-scan","no","commit-with-site-baseline","Website page, asset, configuration, search data, download, or runtime source","no"
"images/12-IN-3-OUT-1-thumbnail.webp","tracked-clean","A - formal website source","not-found-by-static-text-scan","no","commit-with-site-baseline","Website page, asset, configuration, search data, download, or runtime source","no"
"images/12-IN-3-OUT-2.png","tracked-clean","A - formal website source","not-found-by-static-text-scan","no","commit-with-site-baseline","Website page, asset, configuration, search data, download, or runtime source","no"
"images/12-IN-3-OUT-2.webp","untracked","A - formal website source","not-found-by-static-text-scan","no","commit-with-site-baseline","Website page, asset, configuration, search data, download, or runtime source","no"
"images/12-IN-3-OUT-2-thumbnail.webp","tracked-clean","A - formal website source","not-found-by-static-text-scan","no","commit-with-site-baseline","Website page, asset, configuration, search data, download, or runtime source","no"
"images/12-IN-3-OUT-4.png","tracked-clean","A - formal website source","not-found-by-static-text-scan","no","commit-with-site-baseline","Website page, asset, configuration, search data, download, or runtime source","no"
"images/12-IN-3-OUT-4.webp","untracked","A - formal website source","not-found-by-static-text-scan","no","commit-with-site-baseline","Website page, asset, configuration, search data, download, or runtime source","no"
"images/12-IN-3-OUT-4-thumbnail.webp","tracked-clean","A - formal website source","not-found-by-static-text-scan","no","commit-with-site-baseline","Website page, asset, configuration, search data, download, or runtime source","no"
"images/12-IN-3-OUT-thumbnail.webp","tracked-clean","A - formal website source","not-found-by-static-text-scan","no","commit-with-site-baseline","Website page, asset, configuration, search data, download, or runtime source","no"
"images/130-hole-rotary-joint3.png","tracked-clean","A - formal website source","not-found-by-static-text-scan","no","commit-with-site-baseline","Website page, asset, configuration, search data, download, or runtime source","no"
"images/130-hole-rotary-joint3.webp","untracked","A - formal website source","not-found-by-static-text-scan","no","commit-with-site-baseline","Website page, asset, configuration, search data, download, or runtime source","no"
"images/16hole.png","tracked-clean","A - formal website source","not-found-by-static-text-scan","no","commit-with-site-baseline","Website page, asset, configuration, search data, download, or runtime source","no"
"images/16hole.webp","untracked","A - formal website source","not-found-by-static-text-scan","no","commit-with-site-baseline","Website page, asset, configuration, search data, download, or runtime source","no"
"images/1-in-6-out-rotary-joint.png","tracked-clean","A - formal website source","not-found-by-static-text-scan","no","commit-with-site-baseline","Website page, asset, configuration, search data, download, or runtime source","no"
"images/1-in-6-out-rotary-joint.webp","untracked","A - formal website source","not-found-by-static-text-scan","no","commit-with-site-baseline","Website page, asset, configuration, search data, download, or runtime source","no"
"images/222222.png","tracked-clean","A - formal website source","not-found-by-static-text-scan","no","commit-with-site-baseline","Website page, asset, configuration, search data, download, or runtime source","no"
"images/222222.webp","untracked","A - formal website source","not-found-by-static-text-scan","no","commit-with-site-baseline","Website page, asset, configuration, search data, download, or runtime source","no"
"images/2in2out50hole.PDF.jpg","tracked-clean","A - formal website source","not-found-by-static-text-scan","no","commit-with-site-baseline","Website page, asset, configuration, search data, download, or runtime source","no"
"images/2-in-2-out-Rotary-joint.png","tracked-clean","A - formal website source","not-found-by-static-text-scan","no","commit-with-site-baseline","Website page, asset, configuration, search data, download, or runtime source","no"
"images/2-in-2-out-Rotary-joint.webp","tracked-clean","A - formal website source","yes","no","commit-with-site-baseline","Website page, asset, configuration, search data, download, or runtime source","no"
"images/2-in-2-out-Rotary-joint-1.png","tracked-clean","A - formal website source","not-found-by-static-text-scan","no","commit-with-site-baseline","Website page, asset, configuration, search data, download, or runtime source","no"
"images/2-in-2-out-Rotary-joint-1.webp","untracked","A - formal website source","not-found-by-static-text-scan","no","commit-with-site-baseline","Website page, asset, configuration, search data, download, or runtime source","no"
"images/2-in-2-out-Rotary-joint-1-thumbnail.webp","tracked-clean","A - formal website source","not-found-by-static-text-scan","no","commit-with-site-baseline","Website page, asset, configuration, search data, download, or runtime source","no"
"images/2-in-2-out-Rotary-joint2.png","tracked-clean","A - formal website source","not-found-by-static-text-scan","no","commit-with-site-baseline","Website page, asset, configuration, search data, download, or runtime source","no"
"images/2-in-2-out-rotary-joint-2.png","tracked-clean","A - formal website source","not-found-by-static-text-scan","no","commit-with-site-baseline","Website page, asset, configuration, search data, download, or runtime source","no"
"images/2-in-2-out-Rotary-joint2.webp","untracked","A - formal website source","not-found-by-static-text-scan","no","commit-with-site-baseline","Website page, asset, configuration, search data, download, or runtime source","no"
"images/2-in-2-out-rotary-joint-2.webp","untracked","A - formal website source","not-found-by-static-text-scan","no","commit-with-site-baseline","Website page, asset, configuration, search data, download, or runtime source","no"
"images/2-in-2-out-Rotary-joint2-thumbnail.webp","tracked-clean","A - formal website source","not-found-by-static-text-scan","no","commit-with-site-baseline","Website page, asset, configuration, search data, download, or runtime source","no"
"images/2-in-2-out-Rotary-joint3.png","tracked-clean","A - formal website source","not-found-by-static-text-scan","no","commit-with-site-baseline","Website page, asset, configuration, search data, download, or runtime source","no"
"images/2-in-2-out-Rotary-joint-3.png","tracked-clean","A - formal website source","not-found-by-static-text-scan","no","commit-with-site-baseline","Website page, asset, configuration, search data, download, or runtime source","no"
"images/2-in-2-out-Rotary-joint3.webp","untracked","A - formal website source","not-found-by-static-text-scan","no","commit-with-site-baseline","Website page, asset, configuration, search data, download, or runtime source","no"
"images/2-in-2-out-Rotary-joint-3.webp","untracked","A - formal website source","not-found-by-static-text-scan","no","commit-with-site-baseline","Website page, asset, configuration, search data, download, or runtime source","no"
"images/2-in-2-out-Rotary-joint3-thumbnail.webp","tracked-clean","A - formal website source","not-found-by-static-text-scan","no","commit-with-site-baseline","Website page, asset, configuration, search data, download, or runtime source","no"
"images/2-in-2-out-Rotary-joint-thumbnail.webp","tracked-clean","A - formal website source","not-found-by-static-text-scan","no","commit-with-site-baseline","Website page, asset, configuration, search data, download, or runtime source","no"
"images/30-hole-rotary-joint1.png","tracked-clean","A - formal website source","not-found-by-static-text-scan","no","commit-with-site-baseline","Website page, asset, configuration, search data, download, or runtime source","no"
"images/30-hole-rotary-joint1.webp","untracked","A - formal website source","not-found-by-static-text-scan","no","commit-with-site-baseline","Website page, asset, configuration, search data, download, or runtime source","no"
"images/3-in-3-out_01_-rotary-joint.png","tracked-clean","A - formal website source","not-found-by-static-text-scan","no","commit-with-site-baseline","Website page, asset, configuration, search data, download, or runtime source","no"
"images/3-in-3-out_01_-rotary-joint.webp","untracked","A - formal website source","not-found-by-static-text-scan","no","commit-with-site-baseline","Website page, asset, configuration, search data, download, or runtime source","no"
"images/3-in-3-out01-rotary-joint.png","tracked-clean","A - formal website source","not-found-by-static-text-scan","no","commit-with-site-baseline","Website page, asset, configuration, search data, download, or runtime source","no"
"images/3-in-3-out01-rotary-joint.webp","untracked","A - formal website source","not-found-by-static-text-scan","no","commit-with-site-baseline","Website page, asset, configuration, search data, download, or runtime source","no"
"images/3-in-3-out01-rotary-joint1.png","tracked-clean","A - formal website source","not-found-by-static-text-scan","no","commit-with-site-baseline","Website page, asset, configuration, search data, download, or runtime source","no"
"images/3-in-3-out01-rotary-joint1.webp","untracked","A - formal website source","not-found-by-static-text-scan","no","commit-with-site-baseline","Website page, asset, configuration, search data, download, or runtime source","no"
"images/3-in-3-out01-rotary-joint1-thumbnail.webp","tracked-clean","A - formal website source","not-found-by-static-text-scan","no","commit-with-site-baseline","Website page, asset, configuration, search data, download, or runtime source","no"
"images/3-in-3-out01-rotary-joint2.png","tracked-clean","A - formal website source","not-found-by-static-text-scan","no","commit-with-site-baseline","Website page, asset, configuration, search data, download, or runtime source","no"
"images/3-in-3-out01-rotary-joint2.webp","untracked","A - formal website source","not-found-by-static-text-scan","no","commit-with-site-baseline","Website page, asset, configuration, search data, download, or runtime source","no"
"images/3-in-3-out01-rotary-joint2-thumbnail.webp","tracked-clean","A - formal website source","not-found-by-static-text-scan","no","commit-with-site-baseline","Website page, asset, configuration, search data, download, or runtime source","no"
"images/3-in-3-out01-rotary-joint3.png","tracked-clean","A - formal website source","not-found-by-static-text-scan","no","commit-with-site-baseline","Website page, asset, configuration, search data, download, or runtime source","no"
"images/3-in-3-out01-rotary-joint3.webp","untracked","A - formal website source","not-found-by-static-text-scan","no","commit-with-site-baseline","Website page, asset, configuration, search data, download, or runtime source","no"
"images/3-in-3-out01-rotary-joint3-thumbnail.webp","tracked-clean","A - formal website source","not-found-by-static-text-scan","no","commit-with-site-baseline","Website page, asset, configuration, search data, download, or runtime source","no"
"images/3-in-3-out01-rotary-joint-thumbnail.webp","tracked-clean","A - formal website source","not-found-by-static-text-scan","no","commit-with-site-baseline","Website page, asset, configuration, search data, download, or runtime source","no"
"images/3-in-3-out-M8-rotary-joint-3.png","tracked-clean","A - formal website source","not-found-by-static-text-scan","no","commit-with-site-baseline","Website page, asset, configuration, search data, download, or runtime source","no"
"images/3-in-3-out-M8-rotary-joint-3.webp","tracked-clean","A - formal website source","yes","no","commit-with-site-baseline","Website page, asset, configuration, search data, download, or runtime source","no"
"images/3-in-3-out-rotary-joint-1.png","tracked-clean","A - formal website source","not-found-by-static-text-scan","no","commit-with-site-baseline","Website page, asset, configuration, search data, download, or runtime source","no"
"images/3-in-3-out-rotary-joint-1.webp","untracked","A - formal website source","not-found-by-static-text-scan","no","commit-with-site-baseline","Website page, asset, configuration, search data, download, or runtime source","no"
"images/3T-000LYH-3-3.jpg","tracked-clean","A - formal website source","not-found-by-static-text-scan","no","commit-with-site-baseline","Website page, asset, configuration, search data, download, or runtime source","no"
"images/3T-000LYH-3-3.jpg.backup","tracked-clean","D - temporary or generated","not-found-by-static-text-scan","no","retain-existing-tracked; do not add to baseline commit","Backup, extraction, cache, or generated working artifact","yes"
"images/4IN4OUT-2.jpg","tracked-clean","A - formal website source","not-found-by-static-text-scan","no","commit-with-site-baseline","Website page, asset, configuration, search data, download, or runtime source","no"
"images/4-in-4-out-rotary-joint-1.png","tracked-clean","A - formal website source","not-found-by-static-text-scan","no","commit-with-site-baseline","Website page, asset, configuration, search data, download, or runtime source","no"
"images/4-in-4-out-rotary-joint-1.webp","untracked","A - formal website source","not-found-by-static-text-scan","no","commit-with-site-baseline","Website page, asset, configuration, search data, download, or runtime source","no"
"images/4Jin-4Chu.png","tracked-clean","A - formal website source","not-found-by-static-text-scan","no","commit-with-site-baseline","Website page, asset, configuration, search data, download, or runtime source","no"
"images/4Jin-4Chu.webp","untracked","A - formal website source","not-found-by-static-text-scan","no","commit-with-site-baseline","Website page, asset, configuration, search data, download, or runtime source","no"
"images/4Jin-4Chu-1.png","tracked-clean","A - formal website source","yes","no","commit-with-site-baseline","Website page, asset, configuration, search data, download, or runtime source","no"
"images/4Jin-4Chu-1.webp","tracked-clean","A - formal website source","yes","no","commit-with-site-baseline","Website page, asset, configuration, search data, download, or runtime source","no"
"images/4Jin-4Chu-1-2.png","tracked-clean","A - formal website source","not-found-by-static-text-scan","no","commit-with-site-baseline","Website page, asset, configuration, search data, download, or runtime source","no"
"images/4Jin-4Chu-1-2.webp","untracked","A - formal website source","not-found-by-static-text-scan","no","commit-with-site-baseline","Website page, asset, configuration, search data, download, or runtime source","no"
"images/4Jin-4Chu-1-thumbnail.webp","tracked-clean","A - formal website source","not-found-by-static-text-scan","no","commit-with-site-baseline","Website page, asset, configuration, search data, download, or runtime source","no"
"images/4Jin-4Chu-3.png","tracked-clean","A - formal website source","not-found-by-static-text-scan","no","commit-with-site-baseline","Website page, asset, configuration, search data, download, or runtime source","no"
"images/4Jin-4Chu-3.webp","untracked","A - formal website source","not-found-by-static-text-scan","no","commit-with-site-baseline","Website page, asset, configuration, search data, download, or runtime source","no"
"images/4Jin-4Chu-3-thumbnail.webp","tracked-clean","A - formal website source","not-found-by-static-text-scan","no","commit-with-site-baseline","Website page, asset, configuration, search data, download, or runtime source","no"
"images/4Jin-4Chu-4.png","tracked-clean","A - formal website source","not-found-by-static-text-scan","no","commit-with-site-baseline","Website page, asset, configuration, search data, download, or runtime source","no"
"images/4Jin-4Chu-4.webp","untracked","A - formal website source","not-found-by-static-text-scan","no","commit-with-site-baseline","Website page, asset, configuration, search data, download, or runtime source","no"
"images/4Jin-4Chu-4-thumbnail.webp","tracked-clean","A - formal website source","not-found-by-static-text-scan","no","commit-with-site-baseline","Website page, asset, configuration, search data, download, or runtime source","no"
"images/4Jin-4Chu-thumbnail.webp","tracked-clean","A - formal website source","not-found-by-static-text-scan","no","commit-with-site-baseline","Website page, asset, configuration, search data, download, or runtime source","no"
"images/8-hole-rotary-joint3.png","tracked-clean","A - formal website source","not-found-by-static-text-scan","no","commit-with-site-baseline","Website page, asset, configuration, search data, download, or runtime source","no"
"images/8-hole-rotary-joint3.webp","untracked","A - formal website source","not-found-by-static-text-scan","no","commit-with-site-baseline","Website page, asset, configuration, search data, download, or runtime source","no"
"images/8-in-8-out-Rotary-joint.png","tracked-clean","A - formal website source","not-found-by-static-text-scan","no","commit-with-site-baseline","Website page, asset, configuration, search data, download, or runtime source","no"
"images/8-in-8-out-Rotary-joint.png.backup","tracked-clean","D - temporary or generated","not-found-by-static-text-scan","no","retain-existing-tracked; do not add to baseline commit","Backup, extraction, cache, or generated working artifact","yes"
"images/8-in-8-out-Rotary-joint.webp","untracked","A - formal website source","not-found-by-static-text-scan","no","commit-with-site-baseline","Website page, asset, configuration, search data, download, or runtime source","no"
"images/90-hole-rotary-joint3-2.png","tracked-clean","A - formal website source","not-found-by-static-text-scan","no","commit-with-site-baseline","Website page, asset, configuration, search data, download, or runtime source","no"
"images/90-hole-rotary-joint3-2.webp","untracked","A - formal website source","not-found-by-static-text-scan","no","commit-with-site-baseline","Website page, asset, configuration, search data, download, or runtime source","no"
"images/apple-touch-icon.png","tracked-clean","A - formal website source","yes","no","commit-with-site-baseline","Website page, asset, configuration, search data, download, or runtime source","no"
"images/apple-touch-icon.webp","untracked","A - formal website source","not-found-by-static-text-scan","no","commit-with-site-baseline","Website page, asset, configuration, search data, download, or runtime source","no"
"images/Application-of-one-in-one-out-rotary-joint-packaging-machine.jpg","tracked-clean","A - formal website source","yes","no","commit-with-site-baseline","Website page, asset, configuration, search data, download, or runtime source","no"
"images/BEGAPUNK-factory-2.png","tracked-clean","A - formal website source","not-found-by-static-text-scan","no","commit-with-site-baseline","Website page, asset, configuration, search data, download, or runtime source","no"
"images/BEGAPUNK-factory-2.webp","untracked","A - formal website source","yes","no","commit-with-site-baseline","Website page, asset, configuration, search data, download, or runtime source","no"
"images/BEGAPUNK-factory-2-thumbnail.webp","tracked-clean","A - formal website source","not-found-by-static-text-scan","no","commit-with-site-baseline","Website page, asset, configuration, search data, download, or runtime source","no"
"images/begapunk-icon.png","tracked-clean","A - formal website source","not-found-by-static-text-scan","no","commit-with-site-baseline","Website page, asset, configuration, search data, download, or runtime source","no"
"images/begapunk-icon.webp","untracked","A - formal website source","not-found-by-static-text-scan","no","commit-with-site-baseline","Website page, asset, configuration, search data, download, or runtime source","no"
"images/begapunk-logo-header.png","tracked-clean","A - formal website source","yes","no","commit-with-site-baseline","Website page, asset, configuration, search data, download, or runtime source","no"
"images/begapunk-logo-header.webp","untracked","A - formal website source","yes","no","commit-with-site-baseline","Website page, asset, configuration, search data, download, or runtime source","no"
"images/begapunk-rotaryjoint.com.JPG","tracked-clean","A - formal website source","not-found-by-static-text-scan","no","commit-with-site-baseline","Website page, asset, configuration, search data, download, or runtime source","no"
"images/BEGAPUNK-rotary-joint-employee-production-2.png","tracked-clean","A - formal website source","not-found-by-static-text-scan","no","commit-with-site-baseline","Website page, asset, configuration, search data, download, or runtime source","no"
"images/BEGAPUNK-rotary-joint-employee-production-2.webp","untracked","A - formal website source","yes","no","commit-with-site-baseline","Website page, asset, configuration, search data, download, or runtime source","no"
"images/BEGAPUNK-rotary-joint-employee-production-2-thumbnail.webp","tracked-clean","A - formal website source","not-found-by-static-text-scan","no","commit-with-site-baseline","Website page, asset, configuration, search data, download, or runtime source","no"
"images/Cross-section-of-rotary-joint.png","tracked-clean","A - formal website source","not-found-by-static-text-scan","no","commit-with-site-baseline","Website page, asset, configuration, search data, download, or runtime source","no"
"images/Cross-section-of-rotary-joint.webp","untracked","A - formal website source","not-found-by-static-text-scan","no","commit-with-site-baseline","Website page, asset, configuration, search data, download, or runtime source","no"
"images/Cross-section-of-rotary-joint-thumbnail.webp","tracked-clean","A - formal website source","not-found-by-static-text-scan","no","commit-with-site-baseline","Website page, asset, configuration, search data, download, or runtime source","no"
"images/Dian-Qi-Yi-Ti.png","tracked-clean","A - formal website source","not-found-by-static-text-scan","no","commit-with-site-baseline","Website page, asset, configuration, search data, download, or runtime source","no"
"images/Dian-Qi-Yi-Ti.webp","untracked","A - formal website source","not-found-by-static-text-scan","no","commit-with-site-baseline","Website page, asset, configuration, search data, download, or runtime source","no"
"images/Dust-proof-rotary-joint-4.png","tracked-clean","A - formal website source","yes","no","commit-with-site-baseline","Website page, asset, configuration, search data, download, or runtime source","no"
"images/Dust-proof-rotary-joint-4.webp","tracked-clean","A - formal website source","yes","no","commit-with-site-baseline","Website page, asset, configuration, search data, download, or runtime source","no"
"images/factory-poster.jpg","tracked-clean","A - formal website source","not-found-by-static-text-scan","no","commit-with-site-baseline","Website page, asset, configuration, search data, download, or runtime source","no"
"images/favicon.ico","tracked-clean","A - formal website source","yes","no","commit-with-site-baseline","Website page, asset, configuration, search data, download, or runtime source","no"
"images/favicon.png","tracked-clean","A - formal website source","yes","no","commit-with-site-baseline","Website page, asset, configuration, search data, download, or runtime source","no"
"images/favicon.webp","untracked","A - formal website source","not-found-by-static-text-scan","no","commit-with-site-baseline","Website page, asset, configuration, search data, download, or runtime source","no"
"images/hero-icon.png","tracked-clean","A - formal website source","not-found-by-static-text-scan","no","commit-with-site-baseline","Website page, asset, configuration, search data, download, or runtime source","no"
"images/hero-icon.webp","untracked","A - formal website source","not-found-by-static-text-scan","no","commit-with-site-baseline","Website page, asset, configuration, search data, download, or runtime source","no"
"images/hero-product-4in4out.png","tracked-clean","A - formal website source","not-found-by-static-text-scan","no","commit-with-site-baseline","Website page, asset, configuration, search data, download, or runtime source","no"
"images/hero-product-4in4out.png.backup","tracked-clean","D - temporary or generated","not-found-by-static-text-scan","no","retain-existing-tracked; do not add to baseline commit","Backup, extraction, cache, or generated working artifact","yes"
"images/hero-product-4in4out.webp","untracked","A - formal website source","not-found-by-static-text-scan","no","commit-with-site-baseline","Website page, asset, configuration, search data, download, or runtime source","no"
"images/hero-product-8in8out.png","tracked-clean","A - formal website source","not-found-by-static-text-scan","no","commit-with-site-baseline","Website page, asset, configuration, search data, download, or runtime source","no"
"images/hero-product-8in8out.webp","untracked","A - formal website source","not-found-by-static-text-scan","no","commit-with-site-baseline","Website page, asset, configuration, search data, download, or runtime source","no"
"images/hero-products.jpg","tracked-clean","A - formal website source","not-found-by-static-text-scan","no","commit-with-site-baseline","Website page, asset, configuration, search data, download, or runtime source","no"
"images/hero-products-clean.png","tracked-clean","A - formal website source","not-found-by-static-text-scan","no","commit-with-site-baseline","Website page, asset, configuration, search data, download, or runtime source","no"
"images/hero-products-clean.png.backup","tracked-clean","D - temporary or generated","not-found-by-static-text-scan","no","retain-existing-tracked; do not add to baseline commit","Backup, extraction, cache, or generated working artifact","yes"
"images/hero-products-clean.webp","tracked-clean","A - formal website source","yes","no","commit-with-site-baseline","Website page, asset, configuration, search data, download, or runtime source","no"
"images/hero-products-deublin.png","tracked-clean","A - formal website source","not-found-by-static-text-scan","no","commit-with-site-baseline","Website page, asset, configuration, search data, download, or runtime source","no"
"images/hero-products-deublin.png.backup","tracked-clean","D - temporary or generated","not-found-by-static-text-scan","no","retain-existing-tracked; do not add to baseline commit","Backup, extraction, cache, or generated working artifact","yes"
"images/hero-products-deublin.webp","untracked","A - formal website source","not-found-by-static-text-scan","no","commit-with-site-baseline","Website page, asset, configuration, search data, download, or runtime source","no"
"images/hero-products-on-dark.jpg","tracked-clean","A - formal website source","not-found-by-static-text-scan","no","commit-with-site-baseline","Website page, asset, configuration, search data, download, or runtime source","no"
"images/hero-products-transparent.png","tracked-clean","A - formal website source","not-found-by-static-text-scan","no","commit-with-site-baseline","Website page, asset, configuration, search data, download, or runtime source","no"
"images/hero-products-transparent.png.backup","tracked-clean","D - temporary or generated","not-found-by-static-text-scan","no","retain-existing-tracked; do not add to baseline commit","Backup, extraction, cache, or generated working artifact","yes"
"images/hero-products-transparent.webp","untracked","A - formal website source","not-found-by-static-text-scan","no","commit-with-site-baseline","Website page, asset, configuration, search data, download, or runtime source","no"
"images/hero-structure.png","tracked-clean","A - formal website source","not-found-by-static-text-scan","no","commit-with-site-baseline","Website page, asset, configuration, search data, download, or runtime source","no"
"images/hero-structure.webp","untracked","A - formal website source","not-found-by-static-text-scan","no","commit-with-site-baseline","Website page, asset, configuration, search data, download, or runtime source","no"
"images/hero-sw-model.png","tracked-clean","A - formal website source","not-found-by-static-text-scan","no","commit-with-site-baseline","Website page, asset, configuration, search data, download, or runtime source","no"
"images/hero-sw-model.webp","untracked","A - formal website source","not-found-by-static-text-scan","no","commit-with-site-baseline","Website page, asset, configuration, search data, download, or runtime source","no"
"images/KDN12Rotary-joint.png","tracked-clean","A - formal website source","not-found-by-static-text-scan","no","commit-with-site-baseline","Website page, asset, configuration, search data, download, or runtime source","no"
"images/KDN12Rotary-joint.webp","untracked","A - formal website source","not-found-by-static-text-scan","no","commit-with-site-baseline","Website page, asset, configuration, search data, download, or runtime source","no"
"images/KDN12Rotary-joint1.png","tracked-clean","A - formal website source","not-found-by-static-text-scan","no","commit-with-site-baseline","Website page, asset, configuration, search data, download, or runtime source","no"
"images/KDN12Rotary-joint1.webp","untracked","A - formal website source","not-found-by-static-text-scan","no","commit-with-site-baseline","Website page, asset, configuration, search data, download, or runtime source","no"
"images/KDN12Rotary-joint1-thumbnail.webp","tracked-clean","A - formal website source","not-found-by-static-text-scan","no","commit-with-site-baseline","Website page, asset, configuration, search data, download, or runtime source","no"
"images/KDN12Rotary-joint2.png","tracked-clean","A - formal website source","not-found-by-static-text-scan","no","commit-with-site-baseline","Website page, asset, configuration, search data, download, or runtime source","no"
"images/KDN12Rotary-joint2.webp","untracked","A - formal website source","not-found-by-static-text-scan","no","commit-with-site-baseline","Website page, asset, configuration, search data, download, or runtime source","no"
"images/KDN12Rotary-joint2-thumbnail.webp","tracked-clean","A - formal website source","not-found-by-static-text-scan","no","commit-with-site-baseline","Website page, asset, configuration, search data, download, or runtime source","no"
"images/KDN12Rotary-joint3.png","tracked-clean","A - formal website source","not-found-by-static-text-scan","no","commit-with-site-baseline","Website page, asset, configuration, search data, download, or runtime source","no"
"images/KDN12Rotary-joint3.webp","untracked","A - formal website source","not-found-by-static-text-scan","no","commit-with-site-baseline","Website page, asset, configuration, search data, download, or runtime source","no"
"images/KDN12Rotary-joint3-thumbnail.webp","tracked-clean","A - formal website source","not-found-by-static-text-scan","no","commit-with-site-baseline","Website page, asset, configuration, search data, download, or runtime source","no"
"images/KDN12Rotary-joint-thumbnail.webp","tracked-clean","A - formal website source","not-found-by-static-text-scan","no","commit-with-site-baseline","Website page, asset, configuration, search data, download, or runtime source","no"
"images/KDN3T-000.jpg","tracked-clean","A - formal website source","not-found-by-static-text-scan","no","commit-with-site-baseline","Website page, asset, configuration, search data, download, or runtime source","no"
"images/KDN3T-000.jpg.backup","tracked-clean","D - temporary or generated","not-found-by-static-text-scan","no","retain-existing-tracked; do not add to baseline commit","Backup, extraction, cache, or generated working artifact","yes"
"images/M6_Jun-Bu.jpg","tracked-clean","A - formal website source","not-found-by-static-text-scan","no","commit-with-site-baseline","Website page, asset, configuration, search data, download, or runtime source","no"
"images/M6_Jun-Bu.jpg.backup","tracked-clean","D - temporary or generated","not-found-by-static-text-scan","no","retain-existing-tracked; do not add to baseline commit","Backup, extraction, cache, or generated working artifact","yes"
"images/og-image.jpg","tracked-clean","A - formal website source","yes","no","commit-with-site-baseline","Website page, asset, configuration, search data, download, or runtime source","no"
"images/p27_2-in-2-out-Rotary-joint.png","tracked-clean","A - formal website source","not-found-by-static-text-scan","no","commit-with-site-baseline","Website page, asset, configuration, search data, download, or runtime source","no"
"images/p27_2-in-2-out-Rotary-joint.webp","untracked","A - formal website source","not-found-by-static-text-scan","no","commit-with-site-baseline","Website page, asset, configuration, search data, download, or runtime source","no"
"images/p45_2-in-2-out-Rotary-joint-1.png","tracked-clean","A - formal website source","not-found-by-static-text-scan","no","commit-with-site-baseline","Website page, asset, configuration, search data, download, or runtime source","no"
"images/p45_2-in-2-out-Rotary-joint-1.webp","untracked","A - formal website source","not-found-by-static-text-scan","no","commit-with-site-baseline","Website page, asset, configuration, search data, download, or runtime source","no"
"images/p45_2-in-2-out-Rotary-joint2.png","tracked-clean","A - formal website source","not-found-by-static-text-scan","no","commit-with-site-baseline","Website page, asset, configuration, search data, download, or runtime source","no"
"images/p45_2-in-2-out-Rotary-joint2.webp","untracked","A - formal website source","not-found-by-static-text-scan","no","commit-with-site-baseline","Website page, asset, configuration, search data, download, or runtime source","no"
"images/p45_2-in-2-out-Rotary-joint3.png","tracked-clean","A - formal website source","not-found-by-static-text-scan","no","commit-with-site-baseline","Website page, asset, configuration, search data, download, or runtime source","no"
"images/p45_2-in-2-out-Rotary-joint3.webp","untracked","A - formal website source","not-found-by-static-text-scan","no","commit-with-site-baseline","Website page, asset, configuration, search data, download, or runtime source","no"
"images/p45_Tai-Yuan.jpg","tracked-clean","A - formal website source","not-found-by-static-text-scan","no","commit-with-site-baseline","Website page, asset, configuration, search data, download, or runtime source","no"
"images/products/BP-1P-0003-1.png","tracked-clean","A - formal website source","yes","no","commit-with-site-baseline","Website page, asset, configuration, search data, download, or runtime source","no"
"images/products/BP-1P-0003-1.webp","tracked-clean","A - formal website source","yes","no","commit-with-site-baseline","Website page, asset, configuration, search data, download, or runtime source","no"
"images/products/BP-1P-0003-2.png","tracked-clean","A - formal website source","not-found-by-static-text-scan","no","commit-with-site-baseline","Website page, asset, configuration, search data, download, or runtime source","no"
"images/products/BP-1P-0003-2.webp","tracked-clean","A - formal website source","not-found-by-static-text-scan","no","commit-with-site-baseline","Website page, asset, configuration, search data, download, or runtime source","no"
"images/products/BP-1P-0003-3.png","tracked-clean","A - formal website source","not-found-by-static-text-scan","no","commit-with-site-baseline","Website page, asset, configuration, search data, download, or runtime source","no"
"images/products/BP-1P-0003-3.webp","tracked-clean","A - formal website source","yes","no","commit-with-site-baseline","Website page, asset, configuration, search data, download, or runtime source","no"
"images/products/BP-1P-0006.png","tracked-clean","A - formal website source","yes","no","commit-with-site-baseline","Website page, asset, configuration, search data, download, or runtime source","no"
"images/products/BP-1P-0006.webp","tracked-clean","A - formal website source","yes","no","commit-with-site-baseline","Website page, asset, configuration, search data, download, or runtime source","no"
"images/products/BP-1P-0006-1.png","tracked-clean","A - formal website source","not-found-by-static-text-scan","no","commit-with-site-baseline","Website page, asset, configuration, search data, download, or runtime source","no"
"images/products/BP-1P-0006-1.webp","tracked-clean","A - formal website source","yes","no","commit-with-site-baseline","Website page, asset, configuration, search data, download, or runtime source","no"
"images/products/BP-1P-0006-2.png","tracked-clean","A - formal website source","not-found-by-static-text-scan","no","commit-with-site-baseline","Website page, asset, configuration, search data, download, or runtime source","no"
"images/products/BP-1P-0006-2.webp","tracked-clean","A - formal website source","yes","no","commit-with-site-baseline","Website page, asset, configuration, search data, download, or runtime source","no"
"images/products/BP-200-0001-1.png","tracked-clean","A - formal website source","not-found-by-static-text-scan","no","commit-with-site-baseline","Website page, asset, configuration, search data, download, or runtime source","no"
"images/products/BP-200-0001-1.webp","tracked-clean","A - formal website source","not-found-by-static-text-scan","no","commit-with-site-baseline","Website page, asset, configuration, search data, download, or runtime source","no"
"images/products/BP-200-0001-2.png","tracked-clean","A - formal website source","not-found-by-static-text-scan","no","commit-with-site-baseline","Website page, asset, configuration, search data, download, or runtime source","no"
"images/products/BP-200-0001-2.webp","tracked-clean","A - formal website source","not-found-by-static-text-scan","no","commit-with-site-baseline","Website page, asset, configuration, search data, download, or runtime source","no"
"images/products/BP-200-0001-3.png","tracked-clean","A - formal website source","not-found-by-static-text-scan","no","commit-with-site-baseline","Website page, asset, configuration, search data, download, or runtime source","no"
"images/products/BP-200-0001-3.webp","tracked-clean","A - formal website source","not-found-by-static-text-scan","no","commit-with-site-baseline","Website page, asset, configuration, search data, download, or runtime source","no"
"images/products/BP-2P-0001-1.png","tracked-clean","A - formal website source","yes","no","commit-with-site-baseline","Website page, asset, configuration, search data, download, or runtime source","no"
"images/products/BP-2P-0001-1.webp","tracked-clean","A - formal website source","yes","no","commit-with-site-baseline","Website page, asset, configuration, search data, download, or runtime source","no"
"images/products/BP-2P-0001-2.png","tracked-clean","A - formal website source","not-found-by-static-text-scan","no","commit-with-site-baseline","Website page, asset, configuration, search data, download, or runtime source","no"
"images/products/BP-2P-0001-2.webp","tracked-clean","A - formal website source","yes","no","commit-with-site-baseline","Website page, asset, configuration, search data, download, or runtime source","no"
"images/products/BP-2P-0001-3.png","tracked-clean","A - formal website source","not-found-by-static-text-scan","no","commit-with-site-baseline","Website page, asset, configuration, search data, download, or runtime source","no"
"images/products/BP-2P-0001-3.webp","tracked-clean","A - formal website source","yes","no","commit-with-site-baseline","Website page, asset, configuration, search data, download, or runtime source","no"
"images/products/BP-2P-0002.png","tracked-clean","A - formal website source","yes","no","commit-with-site-baseline","Website page, asset, configuration, search data, download, or runtime source","no"
"images/products/BP-2P-0002.webp","tracked-clean","A - formal website source","yes","no","commit-with-site-baseline","Website page, asset, configuration, search data, download, or runtime source","no"
"images/products/BP-2P-0002-1.png","tracked-clean","A - formal website source","not-found-by-static-text-scan","no","commit-with-site-baseline","Website page, asset, configuration, search data, download, or runtime source","no"
"images/products/BP-2P-0002-1.webp","tracked-clean","A - formal website source","yes","no","commit-with-site-baseline","Website page, asset, configuration, search data, download, or runtime source","no"
"images/products/BP-2P-0002-2.png","tracked-clean","A - formal website source","not-found-by-static-text-scan","no","commit-with-site-baseline","Website page, asset, configuration, search data, download, or runtime source","no"
"images/products/BP-2P-0002-2.webp","tracked-clean","A - formal website source","yes","no","commit-with-site-baseline","Website page, asset, configuration, search data, download, or runtime source","no"
"images/products/BP-2P-08-0001-1.png","tracked-clean","A - formal website source","yes","no","commit-with-site-baseline","Website page, asset, configuration, search data, download, or runtime source","no"
"images/products/BP-2P-08-0001-1.webp","tracked-clean","A - formal website source","yes","no","commit-with-site-baseline","Website page, asset, configuration, search data, download, or runtime source","no"
"images/products/BP-2P-08-0001-2.png","tracked-clean","A - formal website source","not-found-by-static-text-scan","no","commit-with-site-baseline","Website page, asset, configuration, search data, download, or runtime source","no"
"images/products/BP-2P-08-0001-2.webp","tracked-clean","A - formal website source","not-found-by-static-text-scan","no","commit-with-site-baseline","Website page, asset, configuration, search data, download, or runtime source","no"
"images/products/BP-2P-08-0001-3.png","tracked-clean","A - formal website source","not-found-by-static-text-scan","no","commit-with-site-baseline","Website page, asset, configuration, search data, download, or runtime source","no"
"images/products/BP-2P-08-0001-3.webp","tracked-clean","A - formal website source","yes","no","commit-with-site-baseline","Website page, asset, configuration, search data, download, or runtime source","no"
"images/products/BP-2P-130-0001-1.png","tracked-clean","A - formal website source","yes","no","commit-with-site-baseline","Website page, asset, configuration, search data, download, or runtime source","no"
"images/products/BP-2P-130-0001-1.webp","tracked-clean","A - formal website source","yes","no","commit-with-site-baseline","Website page, asset, configuration, search data, download, or runtime source","no"
"images/products/BP-2P-130-0001-2.png","tracked-clean","A - formal website source","not-found-by-static-text-scan","no","commit-with-site-baseline","Website page, asset, configuration, search data, download, or runtime source","no"
"images/products/BP-2P-130-0001-2.webp","tracked-clean","A - formal website source","not-found-by-static-text-scan","no","commit-with-site-baseline","Website page, asset, configuration, search data, download, or runtime source","no"
"images/products/BP-2P-130-0001-3.png","tracked-clean","A - formal website source","not-found-by-static-text-scan","no","commit-with-site-baseline","Website page, asset, configuration, search data, download, or runtime source","no"
"images/products/BP-2P-130-0001-3.webp","tracked-clean","A - formal website source","yes","no","commit-with-site-baseline","Website page, asset, configuration, search data, download, or runtime source","no"
"images/products/BP-2P-16-0001-1.png","tracked-clean","A - formal website source","yes","no","commit-with-site-baseline","Website page, asset, configuration, search data, download, or runtime source","no"
"images/products/BP-2P-16-0001-1.webp","tracked-clean","A - formal website source","yes","no","commit-with-site-baseline","Website page, asset, configuration, search data, download, or runtime source","no"
"images/products/BP-2P-16-0001-2.png","tracked-clean","A - formal website source","not-found-by-static-text-scan","no","commit-with-site-baseline","Website page, asset, configuration, search data, download, or runtime source","no"
"images/products/BP-2P-16-0001-2.webp","tracked-clean","A - formal website source","not-found-by-static-text-scan","no","commit-with-site-baseline","Website page, asset, configuration, search data, download, or runtime source","no"
"images/products/BP-2P-16-0001-3.png","tracked-clean","A - formal website source","not-found-by-static-text-scan","no","commit-with-site-baseline","Website page, asset, configuration, search data, download, or runtime source","no"
"images/products/BP-2P-16-0001-3.webp","tracked-clean","A - formal website source","yes","no","commit-with-site-baseline","Website page, asset, configuration, search data, download, or runtime source","no"
"images/products/BP-2P-30-0001.png","tracked-clean","A - formal website source","yes","no","commit-with-site-baseline","Website page, asset, configuration, search data, download, or runtime source","no"
"images/products/BP-2P-30-0001.webp","tracked-clean","A - formal website source","yes","no","commit-with-site-baseline","Website page, asset, configuration, search data, download, or runtime source","no"
"images/products/BP-2P-30-0001-1.png","tracked-clean","A - formal website source","not-found-by-static-text-scan","no","commit-with-site-baseline","Website page, asset, configuration, search data, download, or runtime source","no"
"images/products/BP-2P-30-0001-1.webp","tracked-clean","A - formal website source","yes","no","commit-with-site-baseline","Website page, asset, configuration, search data, download, or runtime source","no"
"images/products/BP-2P-30-0001-2.png","tracked-clean","A - formal website source","not-found-by-static-text-scan","no","commit-with-site-baseline","Website page, asset, configuration, search data, download, or runtime source","no"
"images/products/BP-2P-30-0001-2.webp","tracked-clean","A - formal website source","yes","no","commit-with-site-baseline","Website page, asset, configuration, search data, download, or runtime source","no"
"images/products/BP-2P-50-0001-1.png","tracked-clean","A - formal website source","yes","no","commit-with-site-baseline","Website page, asset, configuration, search data, download, or runtime source","no"
"images/products/BP-2P-50-0001-1.webp","tracked-clean","A - formal website source","yes","no","commit-with-site-baseline","Website page, asset, configuration, search data, download, or runtime source","no"
"images/products/BP-2P-50-0001-2.png","tracked-clean","A - formal website source","not-found-by-static-text-scan","no","commit-with-site-baseline","Website page, asset, configuration, search data, download, or runtime source","no"
"images/products/BP-2P-50-0001-2.webp","tracked-clean","A - formal website source","not-found-by-static-text-scan","no","commit-with-site-baseline","Website page, asset, configuration, search data, download, or runtime source","no"
"images/products/BP-2P-50-0001-3.png","tracked-clean","A - formal website source","not-found-by-static-text-scan","no","commit-with-site-baseline","Website page, asset, configuration, search data, download, or runtime source","no"
"images/products/BP-2P-50-0001-3.webp","tracked-clean","A - formal website source","yes","no","commit-with-site-baseline","Website page, asset, configuration, search data, download, or runtime source","no"
"images/products/BP-2P-95-0001-1.png","tracked-clean","A - formal website source","yes","no","commit-with-site-baseline","Website page, asset, configuration, search data, download, or runtime source","no"
"images/products/BP-2P-95-0001-1.webp","tracked-clean","A - formal website source","yes","no","commit-with-site-baseline","Website page, asset, configuration, search data, download, or runtime source","no"
"images/products/BP-2P-95-0001-2.png","tracked-clean","A - formal website source","not-found-by-static-text-scan","no","commit-with-site-baseline","Website page, asset, configuration, search data, download, or runtime source","no"
"images/products/BP-2P-95-0001-2.webp","tracked-clean","A - formal website source","not-found-by-static-text-scan","no","commit-with-site-baseline","Website page, asset, configuration, search data, download, or runtime source","no"
"images/products/BP-2P-95-0001-3.png","tracked-clean","A - formal website source","not-found-by-static-text-scan","no","commit-with-site-baseline","Website page, asset, configuration, search data, download, or runtime source","no"
"images/products/BP-2P-95-0001-3.webp","tracked-clean","A - formal website source","yes","no","commit-with-site-baseline","Website page, asset, configuration, search data, download, or runtime source","no"
"images/products/BP-3P-0004-1.png","tracked-clean","A - formal website source","yes","no","commit-with-site-baseline","Website page, asset, configuration, search data, download, or runtime source","no"
"images/products/BP-3P-0004-1.webp","tracked-clean","A - formal website source","yes","no","commit-with-site-baseline","Website page, asset, configuration, search data, download, or runtime source","no"
"images/products/BP-3P-0004-2.png","tracked-clean","A - formal website source","not-found-by-static-text-scan","no","commit-with-site-baseline","Website page, asset, configuration, search data, download, or runtime source","no"
"images/products/BP-3P-0004-2.webp","tracked-clean","A - formal website source","not-found-by-static-text-scan","no","commit-with-site-baseline","Website page, asset, configuration, search data, download, or runtime source","no"
"images/products/BP-3P-0004-3.png","tracked-clean","A - formal website source","not-found-by-static-text-scan","no","commit-with-site-baseline","Website page, asset, configuration, search data, download, or runtime source","no"
"images/products/BP-3P-0004-3.webp","tracked-clean","A - formal website source","yes","no","commit-with-site-baseline","Website page, asset, configuration, search data, download, or runtime source","no"
"images/products/BP-3P-0006.png","tracked-clean","A - formal website source","yes","no","commit-with-site-baseline","Website page, asset, configuration, search data, download, or runtime source","no"
"images/products/BP-3P-0006.webp","tracked-clean","A - formal website source","yes","no","commit-with-site-baseline","Website page, asset, configuration, search data, download, or runtime source","no"
"images/products/BP-3P-0006-1.png","tracked-clean","A - formal website source","not-found-by-static-text-scan","no","commit-with-site-baseline","Website page, asset, configuration, search data, download, or runtime source","no"
"images/products/BP-3P-0006-1.webp","tracked-clean","A - formal website source","yes","no","commit-with-site-baseline","Website page, asset, configuration, search data, download, or runtime source","no"
"images/products/BP-3P-0006-2.png","tracked-clean","A - formal website source","not-found-by-static-text-scan","no","commit-with-site-baseline","Website page, asset, configuration, search data, download, or runtime source","no"
"images/products/BP-3P-0006-2.webp","tracked-clean","A - formal website source","yes","no","commit-with-site-baseline","Website page, asset, configuration, search data, download, or runtime source","no"
"images/products/BP-3P-0007.png","tracked-clean","A - formal website source","yes","no","commit-with-site-baseline","Website page, asset, configuration, search data, download, or runtime source","no"
"images/products/BP-3P-0007.webp","tracked-clean","A - formal website source","yes","no","commit-with-site-baseline","Website page, asset, configuration, search data, download, or runtime source","no"
"images/products/BP-3P-0007-1.png","tracked-clean","A - formal website source","not-found-by-static-text-scan","no","commit-with-site-baseline","Website page, asset, configuration, search data, download, or runtime source","no"
"images/products/BP-3P-0007-1.webp","tracked-clean","A - formal website source","yes","no","commit-with-site-baseline","Website page, asset, configuration, search data, download, or runtime source","no"
"images/products/BP-3P-0007-2.png","tracked-clean","A - formal website source","not-found-by-static-text-scan","no","commit-with-site-baseline","Website page, asset, configuration, search data, download, or runtime source","no"
"images/products/BP-3P-0007-2.webp","tracked-clean","A - formal website source","yes","no","commit-with-site-baseline","Website page, asset, configuration, search data, download, or runtime source","no"
"images/products/BP-3P-S06-0001/BP-3P-S06-0001.png","tracked-clean","A - formal website source","yes","no","commit-with-site-baseline","Website page, asset, configuration, search data, download, or runtime source","no"
"images/products/BP-3P-S06-0001/BP-3P-S06-0001.webp","tracked-clean","A - formal website source","yes","no","commit-with-site-baseline","Website page, asset, configuration, search data, download, or runtime source","no"
"images/products/BP-3P-S06-0001/BP-3P-S06-0001-1.png","tracked-clean","A - formal website source","not-found-by-static-text-scan","no","commit-with-site-baseline","Website page, asset, configuration, search data, download, or runtime source","no"
"images/products/BP-3P-S06-0001/BP-3P-S06-0001-1.webp","tracked-clean","A - formal website source","yes","no","commit-with-site-baseline","Website page, asset, configuration, search data, download, or runtime source","no"
"images/products/BP-3P-S06-0001/BP-3P-S06-0001-2.png","tracked-clean","A - formal website source","not-found-by-static-text-scan","no","commit-with-site-baseline","Website page, asset, configuration, search data, download, or runtime source","no"
"images/products/BP-3P-S06-0001/BP-3P-S06-0001-2.webp","tracked-clean","A - formal website source","yes","no","commit-with-site-baseline","Website page, asset, configuration, search data, download, or runtime source","no"
"images/products/BP-4P-30-0001/BP-4P-30-0001.png","tracked-clean","A - formal website source","yes","no","commit-with-site-baseline","Website page, asset, configuration, search data, download, or runtime source","no"
"images/products/BP-4P-30-0001/BP-4P-30-0001.webp","tracked-clean","A - formal website source","yes","no","commit-with-site-baseline","Website page, asset, configuration, search data, download, or runtime source","no"
"images/products/BP-4P-30-0001/BP-4P-30-0001-1.png","tracked-clean","A - formal website source","not-found-by-static-text-scan","no","commit-with-site-baseline","Website page, asset, configuration, search data, download, or runtime source","no"
"images/products/BP-4P-30-0001/BP-4P-30-0001-1.webp","tracked-clean","A - formal website source","yes","no","commit-with-site-baseline","Website page, asset, configuration, search data, download, or runtime source","no"
"images/products/BP-4P-30-0001/BP-4P-30-0001-2.png","tracked-clean","A - formal website source","not-found-by-static-text-scan","no","commit-with-site-baseline","Website page, asset, configuration, search data, download, or runtime source","no"
"images/products/BP-4P-30-0001/BP-4P-30-0001-2.webp","tracked-clean","A - formal website source","yes","no","commit-with-site-baseline","Website page, asset, configuration, search data, download, or runtime source","no"
"images/products/BP-8P-0001-1.png","tracked-clean","A - formal website source","yes","no","commit-with-site-baseline","Website page, asset, configuration, search data, download, or runtime source","no"
"images/products/BP-8P-0001-1.webp","tracked-clean","A - formal website source","yes","no","commit-with-site-baseline","Website page, asset, configuration, search data, download, or runtime source","no"
"images/products/BP-8P-0001-2.png","tracked-clean","A - formal website source","not-found-by-static-text-scan","no","commit-with-site-baseline","Website page, asset, configuration, search data, download, or runtime source","no"
"images/products/BP-8P-0001-2.webp","tracked-clean","A - formal website source","not-found-by-static-text-scan","no","commit-with-site-baseline","Website page, asset, configuration, search data, download, or runtime source","no"
"images/products/BP-8P-0001-3.png","tracked-clean","A - formal website source","not-found-by-static-text-scan","no","commit-with-site-baseline","Website page, asset, configuration, search data, download, or runtime source","no"
"images/products/BP-8P-0001-3.webp","tracked-clean","A - formal website source","yes","no","commit-with-site-baseline","Website page, asset, configuration, search data, download, or runtime source","no"
"images/products/SJ10-06-1.png","tracked-clean","A - formal website source","not-found-by-static-text-scan","no","commit-with-site-baseline","Website page, asset, configuration, search data, download, or runtime source","no"
"images/products/SJ10-06-1.webp","tracked-clean","A - formal website source","not-found-by-static-text-scan","no","commit-with-site-baseline","Website page, asset, configuration, search data, download, or runtime source","no"
"images/products/SJ10-06-2.png","tracked-clean","A - formal website source","not-found-by-static-text-scan","no","commit-with-site-baseline","Website page, asset, configuration, search data, download, or runtime source","no"
"images/products/SJ10-06-2.webp","tracked-clean","A - formal website source","not-found-by-static-text-scan","no","commit-with-site-baseline","Website page, asset, configuration, search data, download, or runtime source","no"
"images/products/SJ10-06-3.png","tracked-clean","A - formal website source","not-found-by-static-text-scan","no","commit-with-site-baseline","Website page, asset, configuration, search data, download, or runtime source","no"
"images/products/SJ10-06-3.webp","tracked-clean","A - formal website source","not-found-by-static-text-scan","no","commit-with-site-baseline","Website page, asset, configuration, search data, download, or runtime source","no"
"images/report-fracture-closeup.jpg","tracked-clean","A - formal website source","not-found-by-static-text-scan","no","commit-with-site-baseline","Website page, asset, configuration, search data, download, or runtime source","no"
"images/report-fracture-installation.jpg","tracked-clean","A - formal website source","not-found-by-static-text-scan","no","commit-with-site-baseline","Website page, asset, configuration, search data, download, or runtime source","no"
"images/Rotary-joint-1.png","tracked-clean","A - formal website source","yes","no","commit-with-site-baseline","Website page, asset, configuration, search data, download, or runtime source","no"
"images/Rotary-joint-1.webp","tracked-clean","A - formal website source","yes","no","commit-with-site-baseline","Website page, asset, configuration, search data, download, or runtime source","no"
"images/Rotary-joint-1-thumbnail.webp","tracked-clean","A - formal website source","not-found-by-static-text-scan","no","commit-with-site-baseline","Website page, asset, configuration, search data, download, or runtime source","no"
"images/Rotary-joint-2.png","tracked-clean","A - formal website source","not-found-by-static-text-scan","no","commit-with-site-baseline","Website page, asset, configuration, search data, download, or runtime source","no"
"images/Rotary-joint-2.webp","untracked","A - formal website source","not-found-by-static-text-scan","no","commit-with-site-baseline","Website page, asset, configuration, search data, download, or runtime source","no"
"images/Rotary-joint-2-thumbnail.webp","tracked-clean","A - formal website source","not-found-by-static-text-scan","no","commit-with-site-baseline","Website page, asset, configuration, search data, download, or runtime source","no"
"images/Rotary-joint-3.png","tracked-clean","A - formal website source","not-found-by-static-text-scan","no","commit-with-site-baseline","Website page, asset, configuration, search data, download, or runtime source","no"
"images/Rotary-joint-3.webp","untracked","A - formal website source","not-found-by-static-text-scan","no","commit-with-site-baseline","Website page, asset, configuration, search data, download, or runtime source","no"
"images/Rotary-joint-3-thumbnail.webp","tracked-clean","A - formal website source","not-found-by-static-text-scan","no","commit-with-site-baseline","Website page, asset, configuration, search data, download, or runtime source","no"
"images/Rotary-joint-installation-diagram-2.png","tracked-clean","A - formal website source","not-found-by-static-text-scan","no","commit-with-site-baseline","Website page, asset, configuration, search data, download, or runtime source","no"
"images/Rotary-joint-installation-diagram-2.webp","untracked","A - formal website source","yes","no","commit-with-site-baseline","Website page, asset, configuration, search data, download, or runtime source","no"
"images/Rotary-joints-118-types5.png","tracked-clean","A - formal website source","not-found-by-static-text-scan","no","commit-with-site-baseline","Website page, asset, configuration, search data, download, or runtime source","no"
"images/Rotary-joints-118-types5.webp","untracked","A - formal website source","not-found-by-static-text-scan","no","commit-with-site-baseline","Website page, asset, configuration, search data, download, or runtime source","no"
"images/Rotary-joint-structure-diagram.png","tracked-clean","A - formal website source","yes","no","commit-with-site-baseline","Website page, asset, configuration, search data, download, or runtime source","no"
"images/Rotary-joint-structure-diagram.webp","untracked","A - formal website source","yes","no","commit-with-site-baseline","Website page, asset, configuration, search data, download, or runtime source","no"
"images/Rotary-joint-structure-diagram-thumbnail.webp","tracked-clean","A - formal website source","not-found-by-static-text-scan","no","commit-with-site-baseline","Website page, asset, configuration, search data, download, or runtime source","no"
"images/She-Bei-Zhao-Pian-2.png","tracked-clean","A - formal website source","not-found-by-static-text-scan","no","commit-with-site-baseline","Website page, asset, configuration, search data, download, or runtime source","no"
"images/She-Bei-Zhao-Pian-2.webp","untracked","A - formal website source","yes","no","commit-with-site-baseline","Website page, asset, configuration, search data, download, or runtime source","no"
"images/She-Bei-Zhao-Pian-2-thumbnail.webp","tracked-clean","A - formal website source","not-found-by-static-text-scan","no","commit-with-site-baseline","Website page, asset, configuration, search data, download, or runtime source","no"
"images/SJ10-06_20241224_.jpg","tracked-clean","A - formal website source","not-found-by-static-text-scan","no","commit-with-site-baseline","Website page, asset, configuration, search data, download, or runtime source","no"
"images/SJ10-0620241224.jpg","tracked-clean","A - formal website source","not-found-by-static-text-scan","no","commit-with-site-baseline","Website page, asset, configuration, search data, download, or runtime source","no"
"images/Tai-Yuan.jpg","tracked-clean","A - formal website source","not-found-by-static-text-scan","no","commit-with-site-baseline","Website page, asset, configuration, search data, download, or runtime source","no"
"images/Working-principle-of-rotary-joint.png","tracked-clean","A - formal website source","yes","no","commit-with-site-baseline","Website page, asset, configuration, search data, download, or runtime source","no"
"images/Working-principle-of-rotary-joint.png.backup","tracked-clean","D - temporary or generated","not-found-by-static-text-scan","no","retain-existing-tracked; do not add to baseline commit","Backup, extraction, cache, or generated working artifact","yes"
"images/Working-principle-of-rotary-joint.webp","untracked","A - formal website source","yes","no","commit-with-site-baseline","Website page, asset, configuration, search data, download, or runtime source","no"
"images/Working-principle-of-rotary-joint-thumbnail.webp","tracked-clean","A - formal website source","not-found-by-static-text-scan","no","commit-with-site-baseline","Website page, asset, configuration, search data, download, or runtime source","no"
"index.html","modified","A - formal website source","yes","no","commit-with-site-baseline","Website page, asset, configuration, search data, download, or runtime source","no"
"index.html.backup","ignored-or-untracked","D - temporary or generated","not-found-by-static-text-scan","no","exclude-from-commit","Backup, extraction, cache, or generated working artifact","yes"
"installation.html","modified","A - formal website source","yes","no","commit-with-site-baseline","Website page, asset, configuration, search data, download, or runtime source","no"
"js/analytics.js","untracked","A - formal website source","yes","no","commit-with-site-baseline","Website page, asset, configuration, search data, download, or runtime source","no"
"js/search.js","untracked","A - formal website source","yes","no","commit-with-site-baseline","Website page, asset, configuration, search data, download, or runtime source","no"
"llms.txt","modified","A - formal website source","yes","no","commit-with-site-baseline","Website page, asset, configuration, search data, download, or runtime source","no"
"PHPMailer/Exception.php","untracked","B - runtime third-party dependency","yes","no","commit-with-site-baseline","Directly required by send_inquiry.php; no Composer manifest; core runtime files only","no"
"PHPMailer/PHPMailer.php","untracked","B - runtime third-party dependency","yes","no","commit-with-site-baseline","Directly required by send_inquiry.php; no Composer manifest; core runtime files only","no"
"PHPMailer/SMTP.php","untracked","B - runtime third-party dependency","yes","no","commit-with-site-baseline","Directly required by send_inquiry.php; no Composer manifest; core runtime files only","no"
"privacy.html","modified","A - formal website source","yes","no","commit-with-site-baseline","Website page, asset, configuration, search data, download, or runtime source","no"
"product-comparison.html","modified","A - formal website source","yes","no","commit-with-site-baseline","Website page, asset, configuration, search data, download, or runtime source","no"
"products.html","modified","A - formal website source","yes","no","commit-with-site-baseline","Website page, asset, configuration, search data, download, or runtime source","no"
"products-p2.html","modified","A - formal website source","yes","no","commit-with-site-baseline","Website page, asset, configuration, search data, download, or runtime source","no"
"robots.txt","modified","A - formal website source","yes","no","commit-with-site-baseline","Website page, asset, configuration, search data, download, or runtime source","no"
"search.html","untracked","A - formal website source","yes","no","commit-with-site-baseline","Website page, asset, configuration, search data, download, or runtime source","no"
"search-index.json","untracked","A - formal website source","yes","no","commit-with-site-baseline","Website page, asset, configuration, search data, download, or runtime source","no"
"send_inquiry.php","untracked","E - security-sensitive runtime/config candidate","yes","no","commit-after-secret-review","May reference runtime configuration; scanned with no embedded secret found","yes"
"sitemap.xml","modified","A - formal website source","yes","no","commit-with-site-baseline","Website page, asset, configuration, search data, download, or runtime source","no"
"terms.html","modified","A - formal website source","yes","no","commit-with-site-baseline","Website page, asset, configuration, search data, download, or runtime source","no"
"thank-you.html","modified","A - formal website source","yes","no","commit-with-site-baseline","Website page, asset, configuration, search data, download, or runtime source","no"
"videos/factory-tour.mp4","tracked-clean","A - formal website source","not-found-by-static-text-scan","no","commit-with-site-baseline","Website page, asset, configuration, search data, download, or runtime source","no"
