file_path,url,page_type,title,h1,indexable,in_sitemap,canonical,schema_types,word_count,internal_links_in,internal_links_out,duplicate_group,geo_score,priority,status
404.html,https://www.begapunk.com/404.html,error,Page Not Found | Begapunk,Page Not Found,false,false,https://www.begapunk.com/404.html,,56,0,19,,38,P2,nonindex_or_special
about.html,https://www.begapunk.com/about.html,about,"About Begapunk | Rotary Joint Factory Ningbo, ISO9001 Certified",About Begapunk,true,true,https://www.begapunk.com/about.html,BreadcrumbList | ContactPoint | GeoCoordinates | ImageObject | ListItem | LocalBusiness | Organization | Person | PostalAddress,368,51,19,,51,P1,formal
application-automation-rotary-tables.html,https://www.begapunk.com/application-automation-rotary-tables.html,application,Air Rotary Union for Automation Rotary Tables: Selection Guide | Begapunk,Air Rotary Union for Automation Rotary Tables,true,true,https://www.begapunk.com/application-automation-rotary-tables.html,Answer | BreadcrumbList | FAQPage | ListItem | Question | WebPage,1945,51,29,,70,P1,formal
application-bottle-filling-capping.html,https://www.begapunk.com/application-bottle-filling-capping.html,application,Air Rotary Union for Bottle Filling and Capping Machines: Selection Guide | Begapunk,Air Rotary Union for Bottle Filling and Capping Machines,true,true,https://www.begapunk.com/application-bottle-filling-capping.html,Answer | BreadcrumbList | FAQPage | ListItem | Question | WebPage,1794,51,27,,70,P1,formal
application-cnc-pneumatic-clamping.html,https://www.begapunk.com/application-cnc-pneumatic-clamping.html,application,Air Rotary Union for CNC Pneumatic Clamping Fixtures | Begapunk,Air Rotary Union for CNC Pneumatic Clamping Fixtures,true,true,https://www.begapunk.com/application-cnc-pneumatic-clamping.html,Answer | BreadcrumbList | FAQPage | ListItem | Question | WebPage,499,49,24,,70,P3,formal
application-electronics-battery-test-fixtures.html,https://www.begapunk.com/application-electronics-battery-test-fixtures.html,application,Pneumatic Rotary Union for Electronics and Battery Test Fixtures | Begapunk,Pneumatic Rotary Union for Electronics and Battery Test Fixtures,true,true,https://www.begapunk.com/application-electronics-battery-test-fixtures.html,Answer | BreadcrumbList | FAQPage | ListItem | Question | WebPage,499,2,23,,70,P3,formal
application-laser-tube-cutting.html,https://www.begapunk.com/application-laser-tube-cutting.html,application,Air Rotary Union for Laser Tube Cutting Machines: Selection Guide | Begapunk,Air Rotary Union for Laser Tube Cutting Machines,true,true,https://www.begapunk.com/application-laser-tube-cutting.html,Answer | BreadcrumbList | FAQPage | ListItem | Question | WebPage,1493,51,27,,70,P1,formal
application-packaging-machinery.html,https://www.begapunk.com/application-packaging-machinery.html,application,Air Rotary Union for Packaging Machinery: Selection Guide | Begapunk,Air Rotary Union for Packaging Machinery,true,true,https://www.begapunk.com/application-packaging-machinery.html,Answer | BreadcrumbList | FAQPage | ListItem | Question | WebPage,1692,51,27,,70,P1,formal
application-pneumatic-tools-hose-anti-twist.html,https://www.begapunk.com/application-pneumatic-tools-hose-anti-twist.html,application,Air Swivel Rotary Joint for Pneumatic Tools: Selection Guide | Begapunk,Air Swivel Rotary Joint for Pneumatic Tools and Hose Anti-Twist,true,true,https://www.begapunk.com/application-pneumatic-tools-hose-anti-twist.html,Answer | BreadcrumbList | FAQPage | ListItem | Question | WebPage,2316,17,28,,70,P1,formal
application-robot-end-of-arm-tooling.html,https://www.begapunk.com/application-robot-end-of-arm-tooling.html,application,Air Rotary Union for Robot End-of-Arm Tooling: Selection Guide | Begapunk,Air Rotary Union for Robot End-of-Arm Tooling,true,true,https://www.begapunk.com/application-robot-end-of-arm-tooling.html,Answer | BreadcrumbList | FAQPage | ListItem | Question | WebPage,2171,18,28,,70,P1,formal
application-steel-dusty-environments.html,https://www.begapunk.com/application-steel-dusty-environments.html,application,Dust-Proof Air Rotary Union for Steel and Dusty Environments | Begapunk,Dust-Proof Air Rotary Union for Steel and Dusty Environments,true,true,https://www.begapunk.com/application-steel-dusty-environments.html,Answer | BreadcrumbList | FAQPage | ListItem | Question | WebPage,514,49,24,,70,P3,formal
application-textile-printing-converting.html,https://www.begapunk.com/application-textile-printing-converting.html,application,"Rotary Union for Textile, Printing, and Converting Equipment | Begapunk","Rotary Union for Textile, Printing, and Converting Equipment",true,true,https://www.begapunk.com/application-textile-printing-converting.html,Answer | BreadcrumbList | FAQPage | ListItem | Question | WebPage,488,1,23,,70,P3,formal
application-vacuum-packaging-machines.html,https://www.begapunk.com/application-vacuum-packaging-machines.html,application,Rotary Union for Vacuum Packaging Machines | Begapunk,Rotary Union for Vacuum Packaging Machines,true,true,https://www.begapunk.com/application-vacuum-packaging-machines.html,Answer | BreadcrumbList | FAQPage | ListItem | Question | WebPage,475,3,23,,70,P3,formal
application-welding-positioners.html,https://www.begapunk.com/application-welding-positioners.html,application,Air Rotary Union for Welding Positioners and Rotary Welding Tables | Begapunk,Air Rotary Union for Welding Positioners and Rotary Welding Tables,true,true,https://www.begapunk.com/application-welding-positioners.html,Answer | BreadcrumbList | FAQPage | ListItem | Question | WebPage,480,1,23,,70,P3,formal
applications.html,https://www.begapunk.com/applications.html,application_hub,Air Rotary Union Applications | Pneumatic Rotary Joints for Industrial Machinery | Begapunk,Air Rotary Union Applications,true,true,https://www.begapunk.com/applications.html,BreadcrumbList | CollectionPage | ListItem,2199,51,36,,70,P3,formal
blog-rotary-joint-installation-mistakes.html,https://www.begapunk.com/blog-rotary-joint-installation-mistakes.html,technical_article,How to Install a Pneumatic Rotary Joint: 7 Mistakes That Cause Early Failure | Begapunk,How to Install a Pneumatic Rotary Joint: 7 Mistakes That Cause Early Failure,true,true,https://www.begapunk.com/blog-rotary-joint-installation-mistakes.html,Answer | BreadcrumbList | FAQPage | ListItem | Question | TechArticle | WebPage,1228,24,22,,68,P3,formal
blog-rotary-joint-leaking.html,https://www.begapunk.com/blog-rotary-joint-leaking.html,technical_article,Rotary Joint Leaking? A Practical Diagnostic Flowchart | Begapunk,Rotary Joint Leaking? A Practical Diagnostic Flowchart for Factory Maintenance Teams,true,true,https://www.begapunk.com/blog-rotary-joint-leaking.html,Answer | BreadcrumbList | FAQPage | ListItem | Question | TechArticle | WebPage,1536,16,22,,68,P3,formal
blog-rotary-joint-materials.html,https://www.begapunk.com/blog-rotary-joint-materials.html,technical_article,"Rotary Joint Body Materials: Aluminum, Stainless Steel, or Brass —Which One Actually Lasts? | Begapunk","Rotary Joint Body Materials: Aluminum, Stainless Steel, or Brass —Which One Actually Lasts?",true,true,https://www.begapunk.com/blog-rotary-joint-materials.html,Answer | BreadcrumbList | FAQPage | ImageObject | ListItem | Organization | Question | TechArticle | WebPage,1513,3,21,,68,P3,formal
blog-rotary-joint-selection.html,https://www.begapunk.com/blog-rotary-joint-selection.html,technical_article,How to Select a Pneumatic Rotary Joint: 5 Parameters | Begapunk,How to Select a Pneumatic Rotary Joint: 5 Parameters That Prevent Costly Mistakes,true,true,https://www.begapunk.com/blog-rotary-joint-selection.html,Answer | BreadcrumbList | FAQPage | ListItem | Question | TechArticle | WebPage,1517,51,22,,68,P3,formal
blog-rotary-union-seal-types.html,https://www.begapunk.com/blog-rotary-union-seal-types.html,technical_article,"Rotary Union Seal Types: O-Ring, Lip Seal, and Spring-Energized PTFE Seal Compared | Begapunk","Rotary Union Seal Types: O-Ring, Lip Seal, and Spring-Energized PTFE Seal Compared",true,true,https://www.begapunk.com/blog-rotary-union-seal-types.html,Answer | BreadcrumbList | FAQPage | ListItem | Question | TechArticle | WebPage,1911,6,23,,68,P3,formal
blog-seal-replacement.html,https://www.begapunk.com/blog-seal-replacement.html,technical_article,Rotary Joint Seal Replacement: A Step-by-Step Guide for Maintenance Teams | Begapunk,Rotary Joint Seal Replacement: A Step-by-Step Guide for Maintenance Teams,true,true,https://www.begapunk.com/blog-seal-replacement.html,Answer | BreadcrumbList | FAQPage | ImageObject | ListItem | Organization | Question | TechArticle | WebPage,1237,7,24,,68,P3,formal
blog-threaded-vs-flange.html,https://www.begapunk.com/blog-threaded-vs-flange.html,technical_article,Threaded vs Flange Mounting for Rotary Joints: A Maintenance Team's Field Guide | Begapunk,Threaded vs Flange Mounting for Rotary Joints: A Maintenance Team's Field Guide,true,true,https://www.begapunk.com/blog-threaded-vs-flange.html,Answer | BreadcrumbList | FAQPage | ImageObject | ListItem | Organization | Question | TechArticle | WebPage,1541,6,21,,68,P3,formal
blog.html,https://www.begapunk.com/blog.html,knowledge_hub,Blog | Rotary Joint & Rotary Union Technical Resources | Begapunk,Technical Resources & Insights,true,true,https://www.begapunk.com/blog.html,Blog | ImageObject | Organization,350,51,25,,66,P3,formal
BP-1P-0003.html,https://www.begapunk.com/BP-1P-0003.html,product_detail,"BP-1P-0003 — 1-in-1-out Rotary Joint | Threaded Mount, Max 1 MPa | Begapunk",BP-1P-0003 — 1-in-1-out Rotary Joint,true,true,https://www.begapunk.com/BP-1P-0003.html,Brand | BreadcrumbList | ListItem | Offer | Product | PropertyValue,2595,13,27,,72,P1,formal
BP-1P-0006.html,https://www.begapunk.com/BP-1P-0006.html,product_detail,"BP-1P-0006 · 1-in-6-out (4mm Orifice) Rotary Joint | G1/8 Thread, Max 1 MPa, 300 RPM | Begapunk",BP-1P-0006 · 1-in-6-out (4mm) Rotary Joint,true,true,https://www.begapunk.com/BP-1P-0006.html,Brand | BreadcrumbList | ListItem | Offer | Product | PropertyValue,2755,6,27,DG-01,72,P1,formal
BP-2P-0001.html,https://www.begapunk.com/BP-2P-0001.html,product_detail,"BP-2P-0001 · 2-in-2-out Rotary Joint | Flange Mount, Max 1 MPa | Begapunk",BP-2P-0001 · 2-in-2-out Rotary Joint,true,true,https://www.begapunk.com/BP-2P-0001.html,Brand | BreadcrumbList | ListItem | Offer | Product | PropertyValue,2678,26,26,,72,P1,formal
BP-2P-0002.html,https://www.begapunk.com/BP-2P-0002.html,product_detail,"BP-2P-0002 · 2-in-3-out (4mm Orifice) Rotary Joint | G1/8 Thread, Max 1 MPa, 300 RPM | Begapunk",BP-2P-0002 · 2-in-3-out (4mm) Rotary Joint,true,true,https://www.begapunk.com/BP-2P-0002.html,Brand | BreadcrumbList | ListItem | Offer | Product | PropertyValue,2808,14,27,DG-01,72,P1,formal
BP-2P-08-0001.html,https://www.begapunk.com/BP-2P-08-0001.html,product_detail,"BP-2P-08-0001 · 2-in-2-out Rotary Joint | M5 Threaded Mount, Max 1 MPa | Begapunk",BP-2P-08-0001 · 2-in-2-out Rotary Joint,true,true,https://www.begapunk.com/BP-2P-08-0001.html,Brand | BreadcrumbList | ListItem | Offer | Product | PropertyValue,2652,6,26,,72,P1,formal
BP-2P-130-0001.html,https://www.begapunk.com/BP-2P-130-0001.html,product_detail,"BP-2P-130-0001 · 2-in-2-out Rotary Joint | Heavy Duty, Max 5 MPa | Begapunk",BP-2P-130-0001 · 2-in-2-out Rotary Joint,true,true,https://www.begapunk.com/BP-2P-130-0001.html,Brand | BreadcrumbList | ListItem | Offer | Product | PropertyValue,2785,12,26,,72,P1,formal
BP-2P-16-0001.html,https://www.begapunk.com/BP-2P-16-0001.html,product_detail,"BP-2P-16-0001 · 2-in-2-out (16mm Bore) Rotary Joint | Flange Mount (4-M5), Max 1 MPa | Begapunk",BP-2P-16-0001 · 2-in-2-out (16mm Bore) Rotary Joint,true,true,https://www.begapunk.com/BP-2P-16-0001.html,Brand | BreadcrumbList | ListItem | Offer | Product | PropertyValue,2685,6,26,,72,P1,formal
BP-2P-30-0001.html,https://www.begapunk.com/BP-2P-30-0001.html,product_detail,"BP-2P-30-0001 · 2-in-2-out (Ø30mm) Rotary Joint | Flange Mount, Max 1 MPa, 150 RPM | Begapunk",BP-2P-30-0001 · 2-in-2-out (Ø30mm) Rotary Joint,true,true,https://www.begapunk.com/BP-2P-30-0001.html,Brand | BreadcrumbList | ListItem | Offer | Product | PropertyValue,2958,6,28,,72,P1,formal
BP-2P-50-0001.html,https://www.begapunk.com/BP-2P-50-0001.html,product_detail,"BP-2P-50-0001 · 2-in-2-out Rotary Joint | Dust-Proof, Flange Mount, Max 1 MPa | Begapunk",BP-2P-50-0001 · 2-in-2-out Rotary Joint,true,true,https://www.begapunk.com/BP-2P-50-0001.html,Brand | BreadcrumbList | ListItem | Offer | Product | PropertyValue,2996,21,25,,72,P1,formal
BP-2P-95-0001.html,https://www.begapunk.com/BP-2P-95-0001.html,product_detail,"BP-2P-95-0001 · 2-in-4-out Rotary Joint | Heavy Duty, Max 10 MPa | Begapunk",BP-2P-95-0001 · 2-in-4-out Rotary Joint,true,true,https://www.begapunk.com/BP-2P-95-0001.html,Brand | BreadcrumbList | ListItem | Offer | Product | PropertyValue,3197,10,25,,72,P1,formal
BP-3P-0004.html,https://www.begapunk.com/BP-3P-0004.html,product_detail,"BP-3P-0004 · 3-in-3-out Rotary Joint | Flange Mount, Max 1 MPa | Begapunk",BP-3P-0004 · 3-in-3-out Rotary Joint,true,true,https://www.begapunk.com/BP-3P-0004.html,Brand | BreadcrumbList | ListItem | Offer | Product | PropertyValue,2681,22,27,DG-02,72,P1,formal
BP-3P-0006.html,https://www.begapunk.com/BP-3P-0006.html,product_detail,"BP-3P-0006 · 3-in-3-out (6mm Orifice) Rotary Joint | G1/4 Thread, Max 1 MPa, 200 RPM | Begapunk",BP-3P-0006 · 3-in-3-out (G1/4) Rotary Joint,true,true,https://www.begapunk.com/BP-3P-0006.html,Brand | BreadcrumbList | ListItem | Offer | Product | PropertyValue,2746,8,28,DG-02,72,P1,formal
BP-3P-0007.html,https://www.begapunk.com/BP-3P-0007.html,product_detail,"BP-3P-0007 · 3-in-3-out (4mm Orifice) Rotary Joint | G1/8 Thread, Max 1 MPa, 200 RPM | Begapunk",BP-3P-0007 · 3-in-3-out (4mm) Rotary Joint,true,true,https://www.begapunk.com/BP-3P-0007.html,Brand | BreadcrumbList | ListItem | Offer | Product | PropertyValue,2871,7,29,,72,P1,formal
BP-3P-S06-0001.html,https://www.begapunk.com/BP-3P-S06-0001.html,product_detail,"BP-3P-S06-0001 · 3-in-3-out + 6-Circuit Pneumatic-Electric Rotary Joint | Flange Mount, Max 1 MPa | Begapunk",BP-3P-S06-0001 · 3-in-3-out + 6-Circuit Pneumatic-Electric Rotary Joint,true,true,https://www.begapunk.com/BP-3P-S06-0001.html,Brand | BreadcrumbList | ListItem | Offer | Product | PropertyValue,3120,9,27,,72,P1,formal
BP-4P-30-0001.html,https://www.begapunk.com/BP-4P-30-0001.html,product_detail,"BP-4P-30-0001 · 4-in-4-out (Ø30mm Bore) Rotary Joint | Flange Mount, Max 1 MPa | Begapunk",BP-4P-30-0001 · 4-in-4-out (Ø30mm Bore) Rotary Joint,true,true,https://www.begapunk.com/BP-4P-30-0001.html,Brand | BreadcrumbList | ListItem | Offer | Product | PropertyValue,3039,11,27,,72,P1,formal
BP-8P-0001.html,https://www.begapunk.com/BP-8P-0001.html,product_detail,"BP-8P-0001 · 8-in-8-out Rotary Joint | Flange Mount, Max 1 MPa | Begapunk",BP-8P-0001 · 8-in-8-out Rotary Joint,true,true,https://www.begapunk.com/BP-8P-0001.html,Brand | BreadcrumbList | ListItem | Offer | Product | PropertyValue,3091,20,27,,72,P1,formal
case-studies.html,https://www.begapunk.com/case-studies.html,case_study_hub,Rotary Joint Engineering Examples | Begapunk,Rotary Joint Engineering Examples,true,true,https://www.begapunk.com/case-studies.html,BreadcrumbList | ListItem | WebPage,883,51,24,,68,P3,formal
contact.html,https://www.begapunk.com/contact.html,contact_rfq,Rotary Joint RFQ | Request a Quote from Begapunk Engineers,Request a Rotary Joint Quote,true,true,https://www.begapunk.com/contact.html,ContactPage | GeoCoordinates | ImageObject | LocalBusiness | PostalAddress,280,51,19,,60,P3,formal
faq.html,https://www.begapunk.com/faq.html,faq,FAQ | Rotary Joint Frequently Asked Questions | Begapunk,Frequently Asked Questions,true,true,https://www.begapunk.com/faq.html,Answer | FAQPage | Question,1049,51,19,,70,P3,formal
index.html,https://www.begapunk.com/,home,Begapunk Rotary Joints | Custom Multi-Channel Rotary Unions for Industrial Automation,Air Rotary Union Specialist for OEM Machinery,true,true,https://www.begapunk.com/,Answer | ContactPoint | FAQPage | ImageObject | Organization | Person | PostalAddress | Question | WebSite,543,51,31,,68,P3,formal
installation.html,https://www.begapunk.com/installation.html,installation_guide,Rotary Joint Installation Instructions | Begapunk Support,Installation Instructions,true,true,https://www.begapunk.com/installation.html,,582,51,19,,59,P3,formal
privacy.html,https://www.begapunk.com/privacy.html,legal,Privacy Policy | Begapunk,Privacy Policy,true,true,https://www.begapunk.com/privacy.html,,654,51,19,,53,P2,formal
product-comparison.html,https://www.begapunk.com/product-comparison.html,product_catalog,Air Rotary Union Model Comparison | Begapunk Selection Table,Air Rotary Union Model Comparison,true,true,https://www.begapunk.com/product-comparison.html,BreadcrumbList | CollectionPage | ListItem,446,51,35,,68,P3,formal
products-p2.html,https://www.begapunk.com/products-p2.html,product_catalog,Rotary Joint Catalog Page 2 | Begapunk,Rotary Joint Catalog,true,true,https://www.begapunk.com/products-p2.html,,231,1,27,DG-03,57,P3,formal
products.html,https://www.begapunk.com/products.html,product_catalog,Rotary Joint Product Catalog | Begapunk,Rotary Joint Catalog,true,true,https://www.begapunk.com/products.html,Brand | ItemList | ListItem | Offer | Product | PropertyValue,223,51,28,DG-03,62,P3,formal
search.html,https://www.begapunk.com/search.html,search,Search | Begapunk Rotary Joints & Rotary Unions,Find the Right Rotary Joint,false,true,https://www.begapunk.com/search.html,,53,1,21,,39,P2,nonindex_or_special
terms.html,https://www.begapunk.com/terms.html,legal,Terms of Service | Begapunk,Terms of Service,true,true,https://www.begapunk.com/terms.html,,532,51,19,,59,P3,formal
thank-you.html,https://www.begapunk.com/thank-you.html,thank_you,Thank You! | Begapunk Rotary Joint Inquiry Submitted,Thank You! Your Inquiry Is Submitted,false,false,https://www.begapunk.com/thank-you.html,,105,0,19,,47,P2,nonindex_or_special
