claim_id,original_claim,phase_1b_draft,rejection_reason,approved_replacement,affected_pages
P1B-035,Best practice: Use a flange mount with the air ports facing away from the wrist servo.,"Draft: This model is a potential starting point for the listed applications when its passage count, mounting, medium, pressure, speed, and temperature limits match the machine requirements.",The Phase 1B model-fit template was unrelated to robot wrist port orientation and removed the routing and interference meaning.,A flange mount with ports oriented away from the wrist servo may simplify hose routing and reduce interference. Confirm the final orientation against the robot wrist envelope and motion path.,application-robot-end-of-arm-tooling.html
P1B-036,"Best practice: Use a short, rigid nipple (20–30 mm) between the tool inlet and the swivel.","Draft: This model is a potential starting point for the listed applications when its passage count, mounting, medium, pressure, speed, and temperature limits match the machine requirements.",The Phase 1B model-fit template was unrelated to connection length and did not remove the unsupported fixed 20-30 mm rule.,"Use the shortest suitable connection that avoids side load and hose interference. The required nipple length depends on the tool inlet, fitting geometry, and operating motion.",application-pneumatic-tools-hose-anti-twist.html
P1B-040,Designed for compact automation and robot EOAT applications where low idle torque and zero leakage are critical.,Draft: Each unit is checked before shipment using Begapunk's documented test procedure. Acceptance criteria and test conditions are available for the applicable model on request.,"The Phase 1B test-procedure template removed the compact automation, robot EOAT, and low-idle-torque engineering meaning.",Intended for compact automation and robot EOAT applications where low idle torque and leakage control are important.,BP-3P-0007.html
P1B-042,"Dry air, clean coolant, normal factory → AL6061, lowest cost, best performance","Draft: This model is a potential starting point for the listed applications when its passage count, mounting, medium, pressure, speed, and temperature limits match the machine requirements.",The Phase 1B model-fit template was unrelated to material selection and operating-media limits.,"AL6061 can be a practical body material for dry air and some clean, non-corrosive media when pressure, temperature, and corrosion requirements are within the approved limits.",blog-rotary-joint-materials.html
P1B-046,High-pressure coolant delivery 0.5–2.0 MPa BP-2P-130-0001 (5.0 MPa rated),"Draft: Lead time is confirmed with each quotation and depends on model, quantity, customization, and destination.",The Phase 1B lead-time template was unrelated to high-pressure coolant suitability. This K4 claim is outside Phase 1C-A.,Not modified in Phase 1C-A; requires separate engineering evidence and approval.,blog-rotary-joint-selection.html
P1B-050,Packaging machinery runs at 60–200 RPM for 16–24 hours per shift.,Draft: Begapunk aims to respond to complete technical inquiries promptly; response time depends on application complexity and the information provided.,The Phase 1B inquiry-response template was unrelated to packaging-machine duty cycle.,"Packaging machinery duty cycles vary widely. Confirm the actual continuous and intermittent speed, operating hours, and stop-start profile before selecting a rotary union.",application-packaging-machinery.html
P1B-052,"Standard models: Return within 30 days of delivery for a full refund, provided the product is unused and in original packaging.","Draft: Lead time is confirmed with each quotation and depends on model, quantity, customization, and destination.",The Phase 1B lead-time template was unrelated to the returns policy. This K4 claim is outside Phase 1C-A.,Not modified in Phase 1C-A; requires a separate returns-policy decision.,terms.html
P1B-054,The cost of a $40 filter element is negligible compared to a $200 seal kit and 4 hours of downtime.,"Draft: Remove the exact loss, percentage, or guaranteed outcome until a dated and reviewable case record supports it.",The Phase 1B draft was an internal removal instruction rather than publication-ready engineering copy.,Appropriate filtration can reduce contamination-related seal wear and help avoid unplanned maintenance. Actual cost impact depends on the application.,BP-2P-95-0001.html
P1B-059,"We strongly recommend using only Begapunk seals — third-party seals may have incorrect durometer (hardness) or material, leading to premature leakage.","Draft: This outcome may occur under the stated conditions, but actual performance depends on the model, installation, medium, pressure, speed, temperature, and duty cycle.","The Phase 1B generic outcome template omitted the material, hardness, geometry, and surface-equivalence criteria.","Use replacement seals that match the specified material, hardness, geometry, and surface requirements. Non-equivalent seals may cause premature wear or leakage.",faq.html
